0.606130507712075,0.763023917327431,0.533906459093051
0.48787656787431,0.526001854188154,0.466192233001957
0.582007753981628,0.272028333960512,0.765634971801511
0.201351405198377,0.364310768564396,0.45780509487926
0.619040369076171,0.51711464378738,0.312162647170595
0.545249386088499,0.896698804146053,0.366744051993434
0.690209766757049,0.789670931987977,0.868119132582242
0.680346411715933,0.729432597043856,0.548221200241404
0.44262307216009,0.142745682122668,0.818824401539514
0.649471940253885,0.877471428072555,0.523948434884343
0.503745461343669,0.846948231357737,0.771826259580022
0.614340264644923,0.386946022694688,0.274831294809245
0.280255808055457,0.0350386743577148,0.660484761074421
0.163852356881434,0.275658686311708,0.437715439250798
0.918091936758279,0.952761646047208,0.403467572219953
0.609735000897578,0.677052680432275,0.600044181108828
6.48183600825483e-05,0.166126029512802,0.86623692379544
0.962540758321997,0.950354592008396,0.99153266301837
0.453597840850593,0.245639025188455,0.142909118830586
0.595390684899864,0.869840785229683,0.748221969478138
0.448925779874458,0.262833425359528,0.516571874799455
0.463576309729276,0.362793330189805,0.577459081860806
0.434032533851229,0.255775596920174,0.0404278368522718
0.525157664257454,0.760565451722944,0.797771329380743
0.447004289499776,0.0289446201683538,0.0999336906110097
0.532693504638989,0.697112756110615,0.502861097560217
0.271868677351485,0.21755040138952,0.507171135514234
0.0210041497259678,0.534372567993238,0.790864810288941
0.957805414163123,0.678434753668707,0.33473436463708
0.534271932315694,0.314397408439666,0.790714640648352
0.465965408704291,0.868204757363354,0.167576507614027
0.229056064353629,0.114143775781401,0.0198571375828939
0.580928779373217,0.158720612537015,0.259462907546644
0.648302012374564,0.228801387652581,0.379628794072503
0.408765252882135,0.196174346184912,0.394111429044096
0.139295509514735,0.359007306291897,0.232827979167496
0.875198882800819,0.851611725109821,0.751474376795995
0.0575754420260338,0.630795715610783,0.66933343222849
0.605480218087421,0.464161285865856,0.95019902386833
0.9008321096722,0.705353743528899,0.289584272035254
0.520225210567658,0.682515953071492,0.832744844750954
0.222437410453395,0.15485690772236,0.268728963688918
0.533684125625509,0.123479661548248,0.104115762593444
0.479795451035239,0.918813526061252,0.0337589466190127
0.312105364315077,0.119077084794338,0.984387668423248
0.0245714750937442,0.584844391130776,0.532487529324792
0.937773142451326,0.392124365104908,0.477273329558023
0.23215007212767,0.134633809246049,0.0815944223449155
0.850429911121842,0.978512703361472,0.938437283969848
0.734252229640438,0.849588344713929,0.723564332698498
0.553365629506171,0.397729965093204,0.762379400906301
0.0378080043982887,0.127519512229376,0.154576298211737
0.900793528635261,0.865606117213262,0.476334276661473
0.311769519234439,0.0597371107535796,0.119509303443333
0.631945471831585,0.323978410256062,0.173952147720425
0.0774686231893361,0.574830996311119,0.694499232969441
0.904834775656671,0.39615739878658,0.488155800183301
0.329657809243659,0.692050365858652,0.700442381262496
0.662014892315957,0.916489743302395,0.761663617127569
0.455103746860287,0.713889723062085,0.257618585625057
0.478714444265151,0.203930969850997,0.401144753994559
0.419756493599192,0.294181201344047,0.712721841667799
0.473884623674694,0.110777049592263,0.434938585439497
0.0284873147656064,0.621522143019658,0.530377231440876
0.526852642954955,0.190329177747791,0.416866332442084
0.100872323632912,0.0485033549750598,0.0237120621908594
0.833088575137795,0.656778946410645,0.355154760454242
0.414005663572873,0.661538536655669,0.806605030022515
0.831737910059079,0.694547913009662,0.632782262925738
0.705542426530187,0.329608679017665,0.251679458240323
0.452652886153906,0.62597906369697,0.913326519520511
0.66945703873087,0.856537402254554,0.717105948491772
0.0141816365135922,0.638382029490966,0.959362383332492
0.948131709529846,0.886636979112259,0.307754098275863
0.745586144121115,0.832904328448181,0.301944696582685
0.490038684203283,0.740455332060485,0.0915247247221288
0.448592824175932,0.066065203073125,0.963791270469865
0.10324660195589,0.282248692141564,0.295170483779526
0.226266858000991,0.839650967818636,0.624086763259229
0.814488804707989,0.393142021771366,0.30092803134701
0.697544786520616,0.0582071571492203,0.229440961104184
0.0204334761116527,0.22655709176393,0.429443996145657
0.652110729689552,0.221620814723276,0.139980593065609
0.0199846294568323,0.686796674637446,0.410041178884529
0.8616857108374,0.840177803960333,0.940491488320654
0.214528752871722,0.620825806259693,0.48463711526895
0.0477785664605973,0.345159584404569,0.540753069598521
0.956914014996049,0.994577724167224,0.988052062064675
0.770502826136281,0.694620499871848,0.43870431804801
0.291400035203739,0.389758910076305,0.312881131405949
0.347580504727263,0.448511781671748,0.0216159093954222
0.190980737586216,0.73661042697743,0.961742947061771
0.965677025788301,0.568057871693476,0.685401920107798
0.111922045364339,0.788746023728427,0.402900187224552
0.659483550916505,0.24501314362658,0.951264081045222
0.3784548248837,0.841504491398188,0.0959958009997814
0.695813586665558,0.76759523478013,0.265601391948281
0.346383780161676,0.64011989321608,0.856089822673325
0.838119883841777,0.237988047650286,0.284707617633021
0.525242732594962,0.663451832653228,0.928075467953884
0.653229579773803,0.81596061292692,0.36768686041826
0.509506499499926,0.222346643168955,0.479581360521564
0.745330807483992,0.745220516337823,0.471663572108797
0.743519151867291,0.463037202404893,0.638405406156867
0.412507112869,0.931127076888839,0.765497940476733
0.122863208468603,0.188968874494558,0.373047505210372
0.385281424097848,0.89814348144283,0.689467004852531
0.968114662606058,0.699650744371042,0.875995321814613
0.801024685054381,0.49766426307667,0.447895116265951
0.281057479579146,0.284508381385064,0.684600157294571
0.316567480506562,0.52420466326557,0.289644029551658
0.628384639332711,0.991723842448799,0.939613067224696
0.518129041371546,0.835460347555578,0.517112980509435
0.985136782988045,0.588526886635133,0.92335135531736
0.278635305163593,0.145672174518568,0.186571260849068
0.210204806692888,0.189249754107694,0.146972255050626
0.112311263876965,0.145030434736269,0.213009310403717
0.141066562364944,0.840992665639635,0.676661417619803
0.812767592759571,0.0748954724630273,0.158768356357185
0.73559204537936,0.68910579199703,0.816169845583207
0.190773947314707,0.46155717825767,0.172364517564334
0.209094780414812,0.614098329967751,0.781686433067232
0.423907188662331,0.258722930264874,0.113719361386652
0.808201668972918,0.218913421625197,0.385187557953625
0.972749972267035,0.242823766079827,0.959588318365974
0.0799560355763716,0.910745683150743,0.120806097976963
0.328554347620193,0.922710329938454,0.986545637584817
0.671895715406752,0.233053755446409,0.0979285222029777
0.519439779888936,0.0334162638716086,0.807385540740752
0.098908664774535,0.102554899144086,0.0146124878574576
0.993615138116885,0.104688986762981,0.220571371934258
0.0961247543445263,0.0887080896601068,0.40781689040125
0.766428867009043,0.947754601181699,0.820523904490567
0.0941416931248473,0.717654224469436,0.571117110441114
0.794507583459935,0.426448033461247,0.68262427722072
0.155136511376431,0.580459933979903,0.277089923003926
0.951284386577612,0.634122888677092,0.68851896421958
0.334116669820497,0.217649012920752,0.393436866361826
0.531740058452059,0.560328507452311,0.571825821910558
0.694151026352866,0.654053342137071,0.622088859784913
0.0373114203786619,0.948111813048477,0.684090556255107
0.920307013923185,0.0770461246304745,0.340261170681911
0.101491039563597,0.864055970297634,0.639711485238968
0.801968063646865,0.390925562369269,0.725158017336618
0.426272127920595,0.453517440337769,0.326713124907899
0.566531163221485,0.942663063188065,0.964825792840495
0.619502138800921,0.672476959203111,0.600347529211337
0.54778968959159,0.768573889021104,0.889540911218152
0.340337110337007,0.494659408620239,0.589650237040996
0.167426868885191,0.633456185064919,0.869395382005184
0.726076933616402,0.872761787247406,0.370385723109999
0.306157469675877,0.926495488905797,0.901768807299204
0.852110239974886,0.493428454636555,0.484116752398471
0.938447154623816,0.186915117038002,0.340102103891665
0.0876652548519657,0.670145072145915,0.304378218536565
0.163573812287305,0.849690450705968,0.619770172989865
0.932654035792131,0.658937326799874,0.911350684910238
0.431042468319225,0.553831564497132,0.496672151749423
0.557017017552759,0.844670836986039,0.541723593836573
0.748089582287551,0.385224507397349,0.639388427683536
0.0800320024132232,0.636019664812875,0.402690214715734
0.5620685716671,0.330633476191683,0.402706471388379
0.781788882496322,0.283158685491433,0.0600767967780348
0.17667474065044,0.65717081103368,0.897035240640443
0.596190252005489,0.0739032176501105,0.181468780469108
0.207859325110149,0.933593289336766,0.904500505061218
0.333753147794383,0.967876919977225,0.0494885114167588
0.991511154837898,0.274383139858545,0.986279704147495
0.458173330336899,0.925489947217963,0.402768689671689
0.375611535440838,0.229401896683098,0.643347361359616
0.10361550688663,0.795839910916936,0.586331824306355
0.64318886857994,0.653385186184431,0.483558155435155
0.888278743996669,0.529327656923089,0.781420659926242
0.956603183954229,0.664466396711375,0.483627176772754
0.0264775728223484,0.903602960579053,0.862731481536539
0.349685972442848,0.624496039208946,0.638635201345227
0.462770355031905,0.076821456500847,0.0239744649192997
0.794501538378475,0.867596600767605,0.928594028769891
0.839728627413362,0.0586629816973499,0.206992981467225
0.254751919119245,0.905709220068171,0.781871437268099
0.263310938836766,0.208069269689647,0.348845081922446
0.647308886148267,0.107616586962116,0.301589345814972
0.160955245769995,0.216175432952193,0.13144294560224
0.782319992327068,0.61147975828586,0.304250490812434
0.00522382981086333,0.77991458658926,0.415096441379475
0.913344450414617,0.155599692833464,0.997089770937613
0.709395704165454,0.396149857716771,0.0253341415322748
0.181528862422182,0.381672013924639,0.563916203266835
0.517276479933098,0.341308972875349,0.436147453566672
0.960812846679577,0.729840778182775,0.648238697334962
0.61640954262674,0.678928014108367,0.744273019600789
0.0877426936602289,0.974059665476235,0.674231642840048
0.373399504453517,0.785875638565907,0.465016436598249
0.732771817849101,0.511920406465737,0.536729378145742
0.721146200392987,0.0330920327586839,0.291131502384981
0.302524364036971,0.735695059744805,0.646766268517742
0.149228848359502,0.224707914679905,0.215282371136964
0.214578538882619,0.940622281300624,0.520049497720491
0.794618020904234,0.431929868227589,0.690722314655303
0.945140763787332,0.22361383406821,0.309837117137331
0.165642637461454,0.154203683639795,0.414525540556188
0.668497616676079,0.587087281710959,0.974616470088086
0.054359202992872,0.569975853242564,0.0258568657806615
0.894129019465044,0.265316756837494,0.572890927543405
0.783669104235434,0.618578335588667,0.815281559521395
0.393435611744256,0.893737613408484,0.675347398742019
0.0222940329558216,0.729855820318891,0.350079209141495
0.82219879202557,0.0160793807045278,0.295054359712414
0.650976771132149,0.393104575757757,0.445700167337285
0.0581243015603607,0.84531031440863,0.282469793072081
0.848793127009289,0.356652887620391,0.628639034726152
0.348948529421814,0.143589098502889,0.662269661370318
0.560916385135313,0.448768221189639,0.0584553495847516
0.476063668379581,0.411350976471962,0.426046475068694
0.217842338993101,0.479545803372979,0.662816448588626
0.760764433296516,0.690623697978867,0.343109154220436
0.659085441810933,0.416804110305214,0.635850494848644
0.51478809661604,0.846055792362278,0.831056290295248
0.455709786649262,0.709604173220695,0.48764189369359
0.712875254458308,0.313623349125732,0.475711104417135
0.116945475227218,0.237731690355901,0.204781265532189
0.879462341171909,0.0835349512688791,0.154135712774733
0.130922521108619,0.415825969733349,0.524636004881182
0.299695307585443,0.88276711817405,0.827755316750782
0.94246387276389,0.4970021021567,0.368941287920371
0.334172483714959,0.743453779977747,0.313116455526883
0.158212519151944,0.223632169681194,0.278191397326363
0.733990722637042,0.987452679480438,0.97561985696156
0.935663827111952,0.729777404491659,0.923854032365248
0.0891753694473027,0.803872283914108,0.314013181901255
0.683675908647368,0.641274343534179,0.411936715252565
0.10670855817383,0.20532688250916,0.681360668033898
0.955924004108708,0.934418852896175,0.832863176600542
0.175331134847836,0.710611546642855,0.899308320082721
0.837872104047571,0.406399789821823,0.308501363877457
0.157431151112596,0.898848232473346,0.559499987382206
0.627931862439166,0.217663229092976,0.0896828643822139
0.672176112791164,0.66433419484268,0.872622062267478
0.264701137329745,0.836274759257181,0.44388364668366
0.457670470271073,0.285218552039876,0.987309557097103
0.786284916928622,0.813997691344695,0.087175453236035
0.242256966896529,0.527811856905964,0.545802237860442
0.975724392570344,0.357115401529426,0.633271348754472
0.302951448471596,0.479565660151069,0.547569290899861
0.0410722698839912,0.511871260912058,0.223133545307006
0.70623538070132,0.563397409974511,0.527877362947585
0.867693810607679,0.0655689876604735,0.669477619494597
0.13086935155629,0.9965761638488,0.962698615376336
0.658328043021506,0.302927094528475,0.428565924908261
0.876503852056534,0.399502707091393,0.241726150575905
0.308859281534152,0.13550292099087,0.606741688481956
0.119848801252914,0.859396513493695,0.255138023846018
0.277194555663652,0.893326378462799,0.518785659343868
0.953013462602565,0.499613642620954,0.754635328594219
0.797264244157576,0.398978821318221,0.651015324191818
0.593362117967289,0.659366522662867,0.653804417555327
0.537917883813153,0.438843814856909,0.725597634275277
0.0283513622297277,0.699517684757724,0.141378431473657
0.875893114283469,0.538460167961729,0.83648533945023
0.805815087016608,0.208596938382737,0.923123254593546
0.546754074124241,0.0329057591805622,0.0208382250751594
0.123185354850165,0.838371616053982,0.49989972284603
0.0596187872149702,0.106264012056563,0.0435606101140176
0.824725526155821,0.311367396629852,0.538625874308014
0.661958226825964,0.200366911577538,0.614365648261705
0.454263892463,0.971968000200001,0.707690813176896
0.369298387419172,0.605556602112736,0.89125943548416
0.0350858340667094,0.907115184662393,0.688851787554281
0.758312043956014,0.0788627609673666,0.108007576565272
0.944553395945122,0.421565152282052,0.779910154483232
0.0329708924128184,0.852243216701415,0.73299456841978
0.842827692685139,0.940518690968333,0.796589993380107
0.461883654466097,0.662015801897998,0.366012055737065
0.794788926920326,0.0561927860864994,0.696645064647273
0.71347927133283,0.676282050380553,0.640848346137308
0.321650864007826,0.578552327989873,0.681723383059591
0.2938166234528,0.421215255542024,0.145942517028531
0.20415431725551,0.865548332949169,0.467231278228372
0.938710555311721,0.451164512146166,0.875959111932698
0.668805171272755,0.305456254908868,0.422309135599354
0.251271493592039,0.609850249951897,0.464375455262447
0.136823364161157,0.962657342363868,0.831904163358892
0.777349570135215,0.0871682067690105,0.993711145231686
0.952425938579863,0.409433547660606,0.0322874800966423
0.251318079163673,0.284611373893106,0.205029958466423
0.584271720824531,0.697543623133637,0.759550989658185
0.0762570513646134,0.767824193497969,0.333264201624722
0.761609396184534,0.432321420968533,0.248215378135466
0.513627744828522,0.0766223764963601,0.622109667366028
0.806388206524776,0.973228223902488,0.890902142940433
0.82021605144355,0.70298450163726,0.661875296565938
0.0396685801811617,0.0927674377219649,0.161614268373987
0.872027586327335,0.116837884622905,0.165995194870992
0.933370134943473,0.890105086753572,0.897870837118714
0.259560614281569,0.394950719191644,0.432185519678407
0.358130444139583,0.854227512386785,0.804694480687534
0.190137540638178,0.68551882804381,0.472811950073837
0.680186050453997,0.150728598692709,0.815143287586224
0.747117633817434,0.578630674063743,0.380407682465291
0.707707358495403,0.59482042166294,0.384748706458387
0.0148673309179756,0.250308599323395,0.351621733290635
0.753591071815878,0.897261609704165,0.674001813506789
0.778817457239391,0.406446559648697,0.256603605457674
0.552531369235393,0.244373790708063,0.207896399575575
0.491723971961499,0.238804514470684,0.744116185558846
0.762294409026516,0.827896901435963,0.888913113396373
0.0619365541004901,0.226079513710233,0.0841943075822883
0.425452717056948,0.0352048610375444,0.910693106119021
0.319661241598575,0.844084153630878,0.234406175236907
0.974568088040253,0.300078470165604,0.992636195886426
0.116522392493504,0.858167801733179,0.0172174816295114
0.169622040489955,0.889493627975299,0.16690997804431
0.536693215693465,0.388529292689127,0.901957962704906
0.843202759652729,0.632611529241147,0.426436578484177
0.225117673233048,0.307703976122698,0.955356076278567
0.770588211965903,0.952039337079737,0.190410194532146
0.0347497840035908,0.0223078159170186,0.0660670775324836
0.116701757839887,0.870110382693006,0.712179533435064
0.988315193515112,0.36494365104192,0.764038913493899
0.4367028802342,0.503034911465636,0.519327040673177
0.183862853396698,0.773955708463948,0.491374681174663
0.438155071995699,0.377744386413249,0.323717509970143
0.776432715824218,0.5526240625413,0.840735505690196
0.668436114275877,0.347648981427215,0.476819783285825
0.535226978345536,0.988862265293254,0.833355090135639
0.165988230144494,0.844531729848141,0.805582220784661
0.409722391836711,0.432642554886561,0.225383984428087
0.932843930763844,0.760482778490113,0.868129346006608
0.81350086188761,0.534359051585573,0.779543846460613
0.402654646799009,0.370017955456543,0.450825193129218
0.784004693227536,0.660359211980971,0.801926961133854
0.0761005482818485,0.907969325856803,0.231381203993609
0.707632719285027,0.679056462299569,0.70801448368551
0.727314997368801,0.281773092454235,0.653216752450627
0.0580300654513042,0.918055393485324,0.437147778132499
0.921132330791661,0.0535093555786118,0.0828256272870165
0.316422156989241,0.076328607219022,0.548778382510443
0.592659736890953,0.466336931685018,0.473258659036724
0.386394270621934,0.979637858381185,0.92710142135165
0.128976115555283,0.321118134593014,0.26105329807921
0.589706215461164,0.177512748602238,0.0979270219878498
0.880908141092726,0.491192716167121,0.775615744019484
0.268897645506036,0.340345827260992,0.20620439067184
0.416981438805195,0.725528317827979,0.830077439236966
0.0870924328352745,0.249178413926003,0.172875145087722
0.26103830061955,0.104530679720556,0.0662305584575411
0.955245827094524,0.52603867972987,0.783664610413499
0.713489045744732,0.822472410251201,0.792679015463365
0.0548706887451127,0.592654613892527,0.128209164660402
0.103108657327255,0.167519029842444,0.0506916080926501
0.324465107857042,0.367838519657514,0.674094389406679
0.971393995943621,0.0902139595145742,0.671611663238933
0.395988328207411,0.8074039868968,0.471691840050711
0.848574438755504,0.281235146269271,0.613544085137362
0.0706736029134029,0.441095905741708,0.252252643466897
0.159636393036165,0.281687173291156,0.0190508659525724
0.743531809994832,0.216258469498219,0.558542321866507
0.746493594018283,0.27403791000687,0.562050338862884
0.329237774924902,0.503688848348408,0.504795188846665
0.259206590754901,0.736263423284151,0.639583490990997
0.0469934566777444,0.409426870672315,0.0522880470756965
0.860373294348975,0.240601640362315,0.745298696843571
0.920162611565151,0.388709899351964,0.676678017449713
0.121445058711015,0.474573969396327,0.553200681688123
0.45893480828548,0.785242732750489,0.287475806378341
0.592695506421647,0.808008485773753,0.752322252538002
0.366051989844775,0.868249527744591,0.894532246477169
0.926641083652178,0.0102300708098869,0.139022228975428
0.281690048885025,0.182095422564792,0.101649370038155
0.107955417022281,0.733943152548215,0.346191474231896
0.306810133185285,0.450250886169821,0.337229691835116
0.803642562163439,0.201957104687069,0.417049253727941
0.662459238349716,0.275800027390361,0.648039367942975
0.924181840184003,0.563296815027388,0.855706203722249
0.0440729179686837,0.821630839334616,0.65694348542707
0.876027042103163,0.402455634802635,0.538636503519307
0.350367225182465,0.628734328383131,0.273387667456097
0.93871366170502,0.0631220152615036,0.652492114213492
0.0297307065369125,0.779261114881287,0.0904281983010808
0.385004951794005,0.208078151399304,0.0656969801298605
0.489494768383761,0.106428117639091,0.140108071650187
0.853949129368766,0.502353495928668,0.852653323404597
0.60483903072484,0.826041826542087,0.907572456682403
0.214129015922437,0.502126533532448,0.275846989755452
0.353152272067219,0.360837033565955,0.206250571814779
0.920049356286287,0.253476201617356,0.648752160643346
0.762605152940104,0.394497228458815,0.920367225254342
0.0476142903474221,0.942757575938721,0.11903743584892
0.476508546272336,0.616987807339147,0.631409978472906
0.278658731566539,0.83147807087742,0.565460209795801
0.974804626787875,0.124289501349991,0.733413814894476
0.257566233415044,0.177968244360884,0.160938767371641
0.144918582254773,0.868151999825196,0.567881151213857
0.932913770688879,0.000814319480956237,0.0193385573514677
0.133196894822865,0.517491682510203,0.280982896233647
0.590133955298682,0.0855334670309397,0.170033445885532
0.414853380930124,0.909112868954568,0.881141049241154
0.825336216272048,0.65473054500249,0.739379082066384
0.0731713799721745,0.520267071523146,0.235794494318589
0.80008653454584,0.406542284525868,0.456529817225201
0.450307740335032,0.23389278248224,0.521738693220916
0.72134063816854,0.522232575471486,0.561318521682754
0.866238820076547,0.028722679514759,0.0880041051283733
0.0272057544224643,0.932041586210913,0.535474074924047
0.70290165688644,0.922254034866537,0.976286187915616
0.694346244142956,0.845657425904782,0.933827725756107
0.200625094248961,0.507975213606248,0.147517033004604
0.72128694330248,0.779137111247773,0.891093909474803
0.681906828339284,0.274876827221192,0.420317147980128
0.569349757319205,0.386167625605188,0.537598118288963
0.186799687372847,0.436391746960984,0.348570183858875
0.954831337831178,0.349366208264818,0.643602932983165
0.0599444829331562,0.85989639494512,0.558448522402884
0.604477240719206,0.478313785067365,0.326232683151893
0.807147899112976,0.739452262594651,0.912118071047582
0.521535191110569,0.529719982909016,0.682548418556841
0.813347008597155,0.0620755797002015,0.234305776714367
0.0564596909572224,0.302962399683991,0.0873248638952385
0.300144497566026,0.333706809750149,0.0931258508601225
0.444936826959895,0.328904865837682,0.386386250126781
0.75437828157314,0.0636436062487604,0.434999229709788
0.476558395400041,0.0684770728545931,0.0697486981383746
0.53780436032851,0.745249010180502,0.754044848122122
0.12022186418208,0.995596996669297,0.942573942139529
0.919556796889399,0.514903280881546,0.606496597379719
0.389305882795542,0.145603840141244,0.301855953264122
0.920341573960983,0.328185929131261,0.427002127917354
0.0421069309052591,0.58876082275784,0.292853636842219
0.160502214027615,0.417017204823512,0.0669226178479322
0.681622993426343,0.715887938858102,0.910411058574244
0.667514090620039,0.201204979843494,0.138561731881468
0.169779470205656,0.847985824979006,0.939875418026291
0.723785849047358,0.503199372541781,0.419132967842974
0.530989037060031,0.154493374053445,0.143783896345302
0.262352280402595,0.517165958678661,0.452905103852426
0.990485221923962,0.195701264994788,0.85281367086691
0.180688678575064,0.539007908722513,0.22918504778095
0.111202013985111,0.617761171184142,0.346558524637962
0.847381425169281,0.184907292784614,0.729919716785261
0.791435802541393,0.028091364092755,0.603879541211254
0.0942516202509839,0.966498914063851,0.0639241631755014
0.302934013139658,0.177078240864602,0.225596828021155
0.732812430077928,0.0275641276770017,0.0225103045308651
0.866918679141635,0.258713978780264,0.470909598889181
0.297405191770953,0.680713984509507,0.637479348737389
0.0867381548365187,0.928704540466286,0.847815392346125
0.63729579613207,0.437452348400488,0.763690833127854
0.384062271992323,0.94587892242189,0.887495094731426
0.938952309692374,0.18611934856455,0.32236558634979
0.743241860110311,0.405020248878859,0.292972590158024
0.060007434321602,0.930126886243105,0.96810736248042
0.378940472461132,0.716730985679076,0.221816875328899
0.183257337835691,0.291339877223468,0.22531939932277
0.990302669522708,0.201850257536992,0.889688138112286
0.308393745421169,0.751509041833914,0.501156354166058
0.381654714688311,0.716964586845511,0.731924667362625
0.730656870335141,0.187952857055126,0.18273451744223
0.753554853753415,0.524538941142447,0.582959759827238
0.593184079117292,0.689018645649794,0.934086101810476
0.104185711342938,0.874256148339907,0.330518268395248
0.582041551681858,0.814080176150012,0.744818200231413
0.852318443400647,0.189829720652254,0.382669858129852
0.335488907322091,0.47475150276178,0.743792507374289
0.888485745129015,0.261867060002655,0.689616315743485
0.0698921419341203,0.104680050726423,0.0144375201575046
0.53511058520859,0.935628273720883,0.861317557405787
0.489501995238948,0.322729701008154,0.225160568724161
0.459583459693253,0.709734477984016,0.730584159580507
0.633817661342295,0.809565569605907,0.910908845006995
0.124169550961929,0.869006260815438,0.631492101503957
0.974226073164516,0.39227030819992,0.415732903332863
0.684297181061914,0.294816327630151,0.609113315235067
0.0865451073512395,0.941979048818285,0.826863994790565
0.952579607451931,0.143311481955899,0.73043071472834
0.0801598046563925,0.814554468437681,0.311085742372673
0.686669890276549,0.225688647727031,0.150280629995972
0.557274750342753,0.813250031878138,0.871577412464476
0.539264891452728,0.720821666253258,0.827390786727699
0.706517450380791,0.752519634275952,0.476373529731992
0.360437430704466,0.567203070351764,0.570572323855397
0.70342552969348,0.598809634606816,0.721889006385744
0.800191759434888,0.0960727542476076,0.0943558162197277
0.874219304639761,0.395890369744194,0.734905672679878
0.0158378461248758,0.812296186534638,0.575075514537433
0.490418168243393,0.294190147540711,0.117376738909268
0.492296987003234,0.112682346671153,0.203053988029248
0.688778651916296,0.282733801379396,0.374887229910303
0.129379853081963,0.538870406776178,0.733683795934707
0.306458437101696,0.736609315775118,0.490677093642697
0.813094626884084,0.794595825045617,0.693886130322781
0.858537555689326,0.294584967687499,0.41344912599725
0.789316521530544,0.437095711821234,0.818040975385512
0.129561081112526,0.0885109620078576,0.064054226057699
0.015957478603213,0.569801969515269,0.143709150729038
0.809924031806521,0.258215560896004,0.232075670081558
0.697904072189522,0.0887109502463412,0.398417098516066
0.437812052583534,0.852988960008021,0.920397177831085
0.212397983624884,0.958779077699611,0.891951524624543
0.355555793357359,0.162183882297109,0.0901606574282527
0.923189246516088,0.0926645662028128,0.31763149912772
0.989248727840921,0.000306587981815504,0.147316293091792
0.024417402928878,0.953396309297226,0.17291579339943
0.508251862533331,0.35672403364645,0.147071637919335
0.84250420671583,0.188600080865164,0.400459254742649
0.325029038087158,0.517947148937601,0.412048085609354
0.429703646592323,0.627361372046787,0.812360712036231
0.774222264142573,0.362657238037188,0.294489018564254
0.134254087752741,0.574036551052603,0.238494590824643
0.711919641513595,0.88383055885641,0.976324467605378
0.559211572256886,0.335133631426358,0.372296376930887
0.556168394603989,0.113993377053759,0.0770788606579993
0.00897864358838104,0.724692541130894,0.269764133509186
0.908222598262916,0.412911317187492,0.758824208470241
0.441702848518879,0.676627383274663,0.76381590520853
0.387381727730464,0.739898307307665,0.604562356311722
0.447969780391576,0.38732428729745,0.465806590511837
0.983536374382157,0.0118478545629447,0.164017414649965
0.0282986507626959,0.949060010562105,0.298090906810233
0.673163515120418,0.596179066745431,0.819518701551977
0.466667647176792,0.395172153412497,0.286021490452572
0.634370614877226,0.560635126043251,0.669804313274562
0.259398599175369,0.605779955136271,0.193924403303721
0.723803404475147,0.40583640573075,0.698529595704159
0.410596020929727,0.444311314081093,0.327039257965854
0.677470889664072,0.6132235735206,0.926612578917515
0.245085392489237,0.870879789803382,0.736901236315814
0.301148450221948,0.419780489772912,0.124486496964222
0.88429078946035,0.241196027709859,0.820724509654262
0.838757472834985,0.968406640129457,0.983573554265313
0.0743007262117542,0.680937061476372,0.274461349385047
0.401774490411465,0.563363983078842,0.426732902783374
0.495176053681159,0.718278239503615,0.483200387575929
0.872998782136233,0.346171360417938,0.739613619107666
0.792632447464202,0.428214135037191,0.559986902798674
0.23467078164932,0.0868046948729342,0.0889988967188446
0.21575010034157,0.481345757001469,0.2258545960907
0.168894118420482,0.493943642232995,0.381773041391712
0.819854227529552,0.187672713745998,0.482672026533015
0.389200739160617,0.471605105574134,0.454055255059788
0.275214139731728,0.456270260820737,0.481267386519713
0.792330216330633,0.743884634814926,0.573590405074776
0.567882538390938,0.737769691083709,0.943064058485829
0.753303555982363,0.472431425832832,0.222114348912052
0.288070446158103,0.333921686643715,0.0903441591285835
0.9820383093364,0.591799894579083,0.821309142670705
0.123282586734201,0.72226386219917,0.819775455123967
0.738870397561344,0.505045101264416,0.746831512548596
0.365227731523266,0.170141293183227,0.481227964748993
0.406730379306249,0.64614100051378,0.467037712021773
0.583783520905305,0.300765714591308,0.579712969219043
0.00951545962694154,0.931531033197484,0.281192612085052
0.962503632663993,0.0603713721620811,0.46874950731793
0.554602969171291,0.848098238617172,0.67723942601173
0.697865877391316,0.762022370539073,0.93093968593161
0.522211912855543,0.639429988423799,0.603752529319923
0.594861517665322,0.463418596756508,0.372466478736989
0.802891283791425,0.503892106218521,0.398464465951368
0.792151537603943,0.904748463168998,0.610821644264813
0.636502539945858,0.890900754192579,0.969082080995724
0.708886371254927,0.0844352499129021,0.57285950124596
0.469336614549734,0.932255601570309,0.528841475056678
0.842973461045525,0.433836011046749,0.220716772949214
0.0353873003489453,0.905770022010073,0.857365196475618
0.952037831533361,0.810465159491295,0.908358538670593
0.318716900483766,0.215827470775554,0.447139225271396
0.722301601531973,0.809781660929387,0.491288764617886
0.138964555635515,0.904067633759248,0.824978127252835
0.783572490055212,0.661819944191777,0.797247394530541
0.714543638032485,0.867035527739415,0.900999664815835
0.961326008699196,0.0740440043502222,0.101452393896369
0.831346501416042,0.950920768658392,0.74608360654658
0.940609264821576,0.364440757941066,0.0623103052382579
0.0628357969245521,0.60383104087949,0.812567312969825
0.881075651258781,0.88693974403829,0.935253985018452
0.62560093755339,0.417494758501307,0.655019570272015
0.190066604789979,0.492243387078812,0.48426440913965
0.53501878944142,0.161502037926186,0.174786961134529
0.543407460712279,0.378657264516504,0.318939647114797
0.0588780486526571,0.186047058487918,0.218495099081497
0.873166581698936,0.748132241455118,0.587470324290564
0.125563379016587,0.324828367833562,0.0521934579605056
0.549668544421312,0.216923678833851,0.655084710252138
0.727230734695042,0.247092867241489,0.824794968374286
0.405614832154202,0.657754657712111,0.234324179134833
0.150650590206848,0.597143079839946,0.219736807984718
0.169406580749186,0.515282688065622,0.688134972500076
0.976854483778621,0.218532432901554,0.512630981648872
0.499506794722006,0.17597588494963,0.29072447774981
0.0380986993223834,0.97480394055747,0.94324162404699
0.362910879811826,0.910091267504661,0.526370224612097
0.992788753353586,0.28054087521512,0.913606474163424
0.365665157600309,0.632784023509685,0.0569858855323643
0.733191967386848,0.0179827293330631,0.444574495281682
0.09256238108678,0.94375871360789,0.531059264875217
0.468390739684135,0.545622285980023,0.523600693732528
0.595122110734843,0.409833958358585,0.555843314200676
0.693226835355778,0.327156584578348,0.653368969109242
0.21956172168734,0.850072383451938,0.0610835978437066
0.128348963560892,0.395423687291425,0.801824424443199
0.656736469444061,0.0990826470504327,0.232768125733311
0.950014393084118,0.00610514240853622,0.0407114123959955
0.172145728939166,0.945399408578795,0.907495315335906
0.665286404108099,0.400345662714528,0.0224445639986394
0.40810001905847,0.188162248303574,0.920130388847119
0.974094789524229,0.0131511308182069,0.0610947115664
0.0136108484631829,0.640690895725108,0.318394803068906
0.362604020741151,0.672309138511172,0.397340223177876
0.94914029782544,0.101937609158793,0.538070085956994
0.262227251338836,0.797843611931024,0.655496489686747
0.509286358527462,0.562120003680745,0.0755992984579641
0.625316496267858,0.0339962847417407,0.461416660268588
0.0485717925837398,0.825300004098779,0.579601340071152
0.821205657641828,0.380145508157056,0.313924309827795
0.520585306334285,0.899317035482904,0.980471773165179
0.880510949793975,0.0415703108615542,0.0484842945899033
0.124227778598623,0.524604429164926,0.260541746933273
0.629013945888142,0.517258861838849,0.610722529522348
0.708751491626717,0.241858323312986,0.60695572010111
0.665680540081599,0.137022450408434,0.195762840045906
0.0201103418183636,0.102551029986349,0.0117326563953593
0.774552666150227,0.64098894421013,0.417893861294542
0.437920203813636,0.289233679298237,0.400374438435944
0.842520333832178,0.272306626058578,0.581618274135539
0.384768745101213,0.684908845593811,0.84300269463779
0.0960383566108417,0.759920765992085,0.908574706038655
0.929993956423483,0.857621595483788,0.785878468404485
0.611645446723292,0.680421682181717,0.556095491995061
0.336647165742486,0.0788160759924935,0.00350059616331989
0.0480777299876951,0.353533434577892,0.944770062983925
0.942206839961956,0.068180369111798,0.103702564571952
0.314874942264705,0.499152372429815,0.700646748828693
0.693885891172603,0.428176278907575,0.462145515835998
0.518336199877532,0.400475052165919,0.179475156430854
0.0776458816069247,0.445553907318785,0.670605583961064
0.0841287253318517,0.00347496459149912,0.0637801600326649
0.77219479010205,0.0791132895468964,0.211899841389835
0.294096397657944,0.960039351817245,0.863389160958104
0.841522197393907,0.469091456441006,0.592244516664645
0.623592301032847,0.889884733907783,0.663215094709127
0.270580730555635,0.774100690338944,0.360329660425475
0.322934605539191,0.536841246988022,0.79848952859637
0.991088654746985,0.166370389583694,0.580140130221159
0.430159517165467,0.321303051437917,0.309730566303396
0.383744000236711,0.760177273472348,0.118792786170598
0.795788991386983,0.951267494345188,0.857657402807614
0.493890444717391,0.0913048442213653,0.726677140336015
0.0293831760432149,0.215504682725791,0.034531650943208
0.907283884518589,0.507728138347804,0.7120365254067
0.21288567944405,0.335482070882666,0.0937032109928372
0.463168606224564,0.163070199523498,0.445086929595639
0.552955150516491,0.929827881338613,0.936535817353708
0.542319568665617,0.184138295118638,0.278522615416874
0.552872167336445,0.836122396118556,0.851135052649096
0.174407903810955,0.428976021726885,0.0962586322579057
0.683240492751297,0.950486973300055,0.930505332131827
0.798815304323393,0.358574143279496,0.843851844213555
0.83346713611794,0.624678132385176,0.632368706620298
0.113002902333954,0.798359490232054,0.392818419435012
0.661202176382872,0.298256187215244,0.631227931550184
0.361757851252665,0.811018935806842,0.799463970729656
0.747403324433412,0.165340618764369,0.348543842343955
0.891255745430551,0.0158851063866018,0.110082251162446
0.028915185163681,0.250931578207148,0.04889084200642
0.077642477753672,0.416496642247076,0.0306327107657458
0.689063213124313,0.753375842139563,0.688478872786247
0.971897192175601,0.0581270525246922,0.136366471815996
0.242651934453152,0.128999314707175,0.459089886745802
0.13833273172731,0.718204667356353,0.757418772264096
0.940815488902917,0.231693798016779,0.131160277410474
0.482516448489099,0.816751773025433,0.844622241918908
0.196812261502507,0.900238375549617,0.449025399093273
0.76367809706359,0.985392711354852,0.00496831192706395
0.681091162830063,0.338663305207934,0.966513862535172
0.0588648030523246,0.00301730926997476,0.413610564055177
0.40293511868892,0.658220512039632,0.494572104739399
0.877851225321402,0.435927033264414,0.388491913312009
0.778792025505603,0.44623399410586,0.591326155433626
0.508178491910378,0.456265173929568,0.0110609842022855
0.0384678000101395,0.129750073104119,0.767234746599145
0.681163621626262,0.587934248574938,0.580506859666427
0.860216655390012,0.661614804323141,0.66675271245232
0.0862989524669056,0.23018163700402,0.157712642774838
0.575792581130041,0.0982579097301413,0.10244113411693
0.842552265073745,0.513620893651872,0.507797295851966
0.103644450928991,0.355846750964473,0.591909145923489
0.904725516865161,0.527345858343463,0.00787038357988404
0.168756178916517,0.0199813064053133,0.741014892870801
0.325258289442803,0.522685768923157,0.616741203773923
0.0340537967379298,0.886532193507702,0.456205376251416
0.702475014760881,0.361170717127046,0.455071569284449
0.41362896495474,0.292745780703503,0.347763421181737
0.90468130913974,0.110862317265087,0.270557808529966
0.704956265277262,0.0184851254694112,0.107332157195991
0.0144894374175534,0.970106472345891,0.831149355425501
0.575920790145448,0.509380585494681,0.507538516791108
0.632140833932629,0.373923472291683,0.360324578971029
0.333723412392995,0.990450922215646,0.975421065615722
0.989585449763051,0.121063023516325,0.657947051213419
0.211571054323744,0.470700451894728,0.38040698346192
0.165603538779737,0.902514740269741,0.755632520517323
0.527483868056139,0.338714969285823,0.192938678822855
0.658871364141805,0.891554568201422,0.969091713013955
0.877460434650938,0.110163693752787,0.263574074851574
0.468316270176337,0.137926136219154,0.0730309145825707
0.528359556779553,0.392429271263216,0.653420042084485
0.346275572415505,0.235585020247328,0.10265948134517
0.925637861705889,0.733489624968734,0.617025177704788
0.431616032465929,0.720223729568988,0.789045079664246
0.311675338993462,0.799477141381723,0.72866476159385
0.513839131449039,0.433910187983539,0.454595713437435
0.829027486149804,0.113759968857953,0.0064884596517386
0.0161220963324393,0.197047817799786,0.643257871793929
0.183957943070068,0.18346469037684,0.195660420037943
0.86238701314936,0.274544390327551,0.215998393530576
0.00702224163390229,0.700511095991341,0.108721876399331
0.964085803995846,0.0107588973075581,0.279150441937407
0.422400606921139,0.528589564707371,0.644488626846092
0.63057124450433,0.223652867886913,0.256613285949485
0.116018564903782,0.988627513377542,0.514317792630024
0.672303387026187,0.0346719709743663,0.0388394477525199
0.780887828379254,0.107095035066833,0.0481674509692657
0.592936530633242,0.684713887829686,0.856438184716412
0.329078247396855,0.429604271051697,0.216978245842348
0.532108125417809,0.2171331199203,0.174221156729272
0.75409614910236,0.532872697280032,0.0116498270559055
0.00021230366006344,0.627837563998188,0.191104507466752
0.951643410271282,0.169177075357295,0.000633605835576469
0.567602883785859,0.995756708534799,0.974568533671099
0.467206331973195,0.267013526386395,0.694190263944099
0.503628721582841,0.161282714759061,0.376846980111762
0.503068668733335,0.407970515232336,0.78292873516573
0.513267706959158,0.816215422281059,0.501814804208533
0.469906929040451,0.0742256741867475,0.229071124274441
0.476691700995865,0.114000951337451,0.397976450150377
0.586044096199472,0.980505548490963,0.340432878834383
0.492194892393594,0.340347261008691,0.312277937738537
0.47168867055022,0.135940386596354,0.773690039319211
0.67982473436081,0.995282398500666,0.0610059165609718
0.367678773748569,0.0678169775104766,0.772249548867415
0.545258614737013,0.798457807776836,0.0975285347722372
0.47153711651067,0.168379987731298,0.930133993659526
0.618737715277274,0.648135945964698,0.264326392347002
0.562777178365299,0.473423030998089,0.56412380167089
0.595169212675966,0.749605724695475,0.549892775454536
0.656135282517665,0.960624310709265,0.228445040351837
0.278656243335653,0.147409100223845,0.923366875725557
0.525715236954057,0.787336112003432,0.253431015378792
0.543637828519501,0.183706123941854,0.460429291076745
0.316787189107293,0.255880428350356,0.908866593478025
0.814712304229401,0.92142799268475,0.0567736524877978
0.0531628856439323,0.0170230909840492,0.884978281372144
0.546554370696149,0.481995344905373,0.0368968341797315
0.128853969010672,0.0423688269037814,0.617888007967962
0.78466261819482,0.855790625863998,0.368232153518296
0.72474779497523,0.663432540614913,0.234850464230816
0.781252421814016,0.685064151854852,0.938124677769733
0.831711226012061,0.792500013360333,0.0647660742721256
0.0772608592969718,0.0651483294580608,0.613276386005033
0.303267024165428,0.577675662481063,0.436850258909316
0.824891305184438,0.910992924227346,0.713435191319808
0.0685625924190922,0.0812976035822479,0.936623429539558
0.322060684949288,0.328369701966261,0.175837583254095
0.930376985816115,0.952135879464327,0.0159114210600155
0.0157594508307383,0.0020197848670319,0.217864480738513
0.350351089134846,0.547166557136679,0.755315715423407
0.289227582483275,0.639541986339957,0.957000695926793
0.792310122221219,0.659098450857111,0.874439273614596
0.00726629639996659,0.854284778289852,0.99313513944586
0.978445278026095,0.598567429633608,0.0231812300585276
0.512118378887551,0.269310429831498,0.451893775579938
0.552419303786523,0.593626754185436,0.431460547063398
0.500221431671007,0.525700507331525,0.502264796721483
0.413876287062415,0.348562308947237,0.640404787852609
0.24190351353859,0.425918400898451,0.461556217489482
0.905406223254857,0.974405673834449,0.923825403367237
0.456882595525713,0.592451566200408,0.338333604407214
0.448517769399966,0.385706508198032,0.208707772184427
0.606561736840595,0.825896649037976,0.824151375306269
0.49296799411165,0.269270809624668,0.168927337608619
0.503245938955072,0.289849543649556,0.169491520054518
0.306335109203076,0.228327820624855,0.81277606111726
0.753361958802277,0.847229891093639,0.203207532874781
0.242073411435222,0.0465058419107095,0.766237757136879
0.91259022430196,0.95359801687945,0.175305160203256
0.647531639849111,0.424806538290818,0.993388140642729
0.255795988171937,0.733513767737964,0.367821662228034
0.595470457575206,0.680976409494773,0.669709337693715
0.500867993474064,0.482460616269086,0.391972954898778
0.359913217942504,0.7281788924366,0.790788696042458
0.628898507253921,0.649541064937623,0.334906268332991
0.853669727670202,0.754578245727063,0.921095991238293
0.727332152507236,0.569214945744906,0.832811446364065
0.478654071193012,0.352926291590561,0.774014738526759
0.0303218613898551,0.62507722044517,0.425611222527789
0.53844056627874,0.127899826810549,0.446466658523747
0.574089289257594,0.773362123154148,0.362353886657804
0.772946659865849,0.812382484920973,0.88602881051213
0.724238622448439,0.489141333342126,0.821855366307682
0.916008179000584,0.368372216649328,0.0209643662908848
0.160610044241863,0.487358262560608,0.954528977666235
0.199863417969493,0.157920672851313,0.0602468251242874
0.710670660207763,0.360876923155709,0.13810928518428
0.423894817021272,0.280126071474144,0.46439469919246
0.898197830196826,0.754595881067081,0.819428860214419
0.422096984152408,0.990118421735561,0.975599260573193
0.0892393932253068,0.238162985841816,0.530933071449742
0.565902413445646,0.448072756762788,0.24108234340292
0.356819961529696,0.488009416580766,0.664480256642529
0.605391032598617,0.103286823018127,0.764764001532217
0.550453979396127,0.590081887721523,0.275960523647254
0.874693703202032,0.990989207606697,0.948735177972695
0.190938171942423,0.3882396489978,0.589906842239409
0.933157688621216,0.718854157202367,0.724892591606068
0.824548061264904,0.743510904718092,0.385144749707374
0.82719924787835,0.863372773891401,0.947463402925492
0.298641367874738,0.504080830264046,0.282670528412201
0.327474496261971,0.0570499182950602,0.0271485866134059
0.352717136350373,0.273968412911247,0.0596334238387537
0.919746133288174,0.650051082920737,0.62598782370079
0.88406393055187,0.635545419987454,0.211105427632256
0.177002964826426,0.463291436716783,0.750132680612268
0.0139710480147354,0.0167547935856037,0.997035319528143
0.935689099433657,0.99969766227395,0.940171794609744
0.411137077307731,0.367706149743936,0.181460227407354
0.494671099674499,0.926003778286516,0.921911631864446
0.61871865443161,0.578483757796276,0.441779831147363
0.849411473514526,0.367765894254341,0.409298933431003
0.298206858328632,0.247268090383699,0.415859315379421
0.180997473955994,0.299162526034508,0.282647139115299
0.857910653254326,0.610549363728633,0.498714528639373
0.465894772930326,0.405743529531792,0.254711523584885
0.520752903972223,0.445818863203164,0.535787796485325
0.227631037331883,0.547384065273656,0.286347190111739
0.588890688657399,0.511047592526154,0.700949806934953
0.225125376817915,0.231847159019657,0.24569986950046
0.429961883919681,0.424796263038451,0.0221576903959867
0.676009158606766,0.278951712691182,0.788218395041664
0.732292814590229,0.67767121455076,0.689435172873279
0.30192948882811,0.315859554441509,0.197613894545549
0.96321709144033,0.36639979035024,0.0372114004144061
0.51033507957938,0.0672988157023196,0.369083669861675
0.23019051359823,0.0735846454902365,0.0521489633534275
0.121328166872578,0.667912199384211,0.637811541132481
0.235249767746288,0.0248814519279336,0.00992392387482792
0.899013840230175,0.874876370471693,0.67421401480398
0.270599663179887,0.55220869904829,0.718608000868432
0.472798676076367,0.119290819129386,0.245300895370238
0.915460122573798,0.886489871203893,0.180923914832138
0.906661759538306,0.470918165676472,0.995497116546856
0.325858925990883,0.746041167992669,0.369592986083984
0.73722036964679,0.986442742376028,0.790924342613445
0.302649561925121,0.592687026044691,0.464065838443561
0.809325506004393,0.414932492311777,0.957329009612252
0.0903094902217815,0.335642112238906,0.0971562865627597
0.567943269069651,0.0137687309751902,0.304065322550749
0.68844370291344,0.638523701917616,0.146265242529724
0.68048656744347,0.716552456082526,0.746904811029878
0.351849028756461,0.564690955262102,0.480323773715311
0.306764449679718,0.22203651684837,0.102952926345158
0.614283374071698,0.552869861125683,0.34153735868653
0.221035376892874,0.0754297510001408,0.558177173005337
0.955395056444997,0.863859800097457,0.896412408304625
0.736806048997446,0.888905627023637,0.705134223519257
0.177849985093133,0.203406729373155,0.0558616519598213
0.314087331114141,0.406967789893396,0.850079544240086
0.843646363874679,0.70883186201149,0.236383068160648
0.27651938785893,0.0571038663670819,0.827412934329801
0.132044439281149,0.818712678846721,0.0207964254756577
0.530178985532823,0.277959950570971,0.434532101482935
0.195054753526957,0.605087064626159,0.051794437378849
0.562644498242317,0.0666729735627104,0.985446850618511
0.716857745996413,0.607431979574792,0.113287098828054
0.332283233273034,0.402965662973529,0.69437805384209
0.439920701018433,0.544497749192107,0.262772659723564
0.620740878821346,0.920806493784327,0.714084378471135
0.137628963452965,0.18906290439693,0.614248410438256
0.698944662098743,0.695722998356066,0.219389408345106
0.348289301916556,0.496709912559587,0.528102812124876
0.34928534741782,0.0550031754004491,0.866143883775529
0.773409416535514,0.426408219757187,0.266653341754594
0.397050979528057,0.0902736502204137,0.356663628159778
0.167879991109601,0.737181659518147,0.311083006854006
0.248445783562925,0.745587860887619,0.156501237392628
0.00193809640860353,0.0811212634780941,0.0286031335486415
0.878197985304842,0.970884522787549,0.935569253654334
0.417109200250655,0.0760844790080148,0.466462420589131
0.706368609421715,0.420510724234797,0.630116140982766
0.169387950680702,0.0304630944657085,0.374192749876692
0.544732404377279,0.0445288004422814,0.982586452107175
0.613812055249044,0.00258901157275965,0.285206888146762
2.56540554485265e-05,0.206921508829966,0.00344583589376051
0.962035186757552,0.996654105747123,0.560530623674263
0.319323142828273,0.0519283739938581,0.0251234864158974
0.390159734297166,0.947347755396655,0.98533178997318
0.897359862868241,0.922643680059628,0.657147844222194
0.438237425712419,0.219774523899717,0.548509078916808
0.516877628638036,0.792885132118125,0.26791669833718
0.647044264727878,0.635993584256434,0.789139743231801
0.396967040174599,0.446076067683009,0.141298320509204
0.229859569039287,0.02912375766015,0.874605256369114
0.367443210157287,0.325265350047801,0.265283916163345
0.8769477784535,0.970866835791459,0.434457501406452
0.363432470711277,0.385108257172344,0.396188849563244
0.632614623829518,0.103035208784553,0.802586389349089
0.0478750222861218,0.21276145297519,0.00497163083730074
0.866321297755089,0.754383231362627,0.337545991740086
0.42327032861924,0.798555629250735,0.562700788176193
0.418485925061582,0.510331979803519,0.755526651786671
0.841862195342356,0.398253614854054,0.778926308331834
0.859139731529818,0.988106839824943,0.0280381467604538
0.698543769207378,0.155521307296602,0.97822142776426
0.192574051489987,0.566361370528458,0.0337238046056378
0.15857534796621,0.041865546099943,0.876726490876089
0.832677074781661,0.923211483869429,0.161294456770003
0.0214494972546019,0.0794302633083124,0.423823032663796
0.644934648810056,0.814716498032133,0.29739219080533
0.526012430029345,0.652274811923742,0.382526402700254
0.462144848449698,0.516899903858203,0.347651338903253
0.615166403389395,0.38307982876941,0.409894280022994
0.910075769303833,0.782388319756676,0.129468989810427
0.302282319294928,0.093138544036329,0.951391803080932
0.834394731008089,0.94309003297969,0.0483354435752925
0.708709297324815,0.362442009798137,0.816746312901363
0.469601585006786,0.367881056377051,0.907776530300012
0.0388048909914734,0.167229862514312,0.465483897404651
0.691670395136148,0.538505513678079,0.352345282095505
0.330146122232053,0.546444559551536,0.0917166654084548
0.713144664040053,0.688070053008718,0.371963740339899
0.468813041895576,0.260975070592045,0.340809649595024
0.336522737429164,0.140669227043253,0.519946795811729
0.226890402578016,0.241702465481925,0.54144723095015
0.729406559990692,0.936148853334098,0.0549295218002141
0.169593874039318,0.209874710654789,0.650663868270157
0.0627767925930799,0.595353046501099,0.251765650545491
0.237574942540722,0.158993615851017,0.997017094861713
0.00275378215669159,0.0381043585749279,0.769626647419898
0.702750333109976,0.96064047288199,0.0233343597502843
0.56897303181693,0.728181395665132,0.468590275373102
0.219851732638654,0.094006903986995,0.837168567029585
0.176107218809874,0.416495461497146,0.154404485325896
0.622265974978271,0.194444739022974,0.856090058793498
0.0538772377191615,0.339269446356679,0.0742042614067643
0.495973224523486,0.47537548045975,0.265612410265631
0.912400125015249,0.11444687723746,0.976345622408852
0.21660340806808,0.184757405052532,0.637344004487505
0.0315993118068671,0.984868141878648,0.00694367856211112
0.933994671928414,0.631795787840767,0.886345903716301
0.500054167987466,0.470632112023731,0.628443852366569
0.570901325097379,0.24948921299461,0.690991011486103
0.441441425283219,0.526220380959709,0.431541727245747
0.159214365619665,0.0541922771150622,0.433145045448189
0.711844613278215,0.92905484515217,0.224153600164323
0.159141859493167,0.323613616588982,0.998156530603183
0.0180250140407461,0.0163530237227231,0.0319679179041872
0.802688108901042,0.547023925345863,0.61652920034831
0.689519884428628,0.789469120765511,0.50806606732406
0.516299639892901,0.460988138973167,0.508025929563141
0.786327279655994,0.838097881080539,0.533937900851088
0.333255509423551,0.148871893572734,0.540225303697821
0.66408575442559,0.813168691834558,0.323097097091801
0.532800631400951,0.634716158080393,0.151209455033671
0.431319304615886,0.518105968099002,0.83162536208624
0.295321010106154,0.347172313551254,0.125180105457867
0.983838858020411,0.415718015401174,0.794400706092959
0.812864154496173,0.912856221930993,0.73299974929351
0.519052710781321,0.195818033421788,0.417038671283388
0.290468818864059,0.214804970685846,0.461649121668974
0.162204373974476,0.515437151752939,0.168525349038291
0.35451245408205,0.441965917109031,0.682876056548064
0.485950378888671,0.21853435974013,0.955506234573415
0.270957619571616,0.87418712340639,0.105899197561463
0.242833715021872,0.372860440852087,0.578645883825037
0.422711805352408,0.300342525003482,0.424321163518895
0.751138626961,0.656338463723081,0.171547254586167
0.848108085979199,0.832963865386024,0.799067384591323
0.935495053341644,0.486648018398364,0.19379632749227
0.886204776741755,0.244509598042135,0.850847149726941
0.657358110547546,0.432125998188476,0.798635712363449
0.643312145911608,0.877492166875929,0.0780537750210141
0.125177416818172,0.667738596232039,0.475606051784828
0.845698597808022,0.128531164104866,0.653347227940857
0.981507755033533,0.293627233444222,0.811611804320138
0.362063334932607,0.972033148334052,0.10844126690048
0.245758099691731,0.721868990529319,0.4247094267151
0.791589408974244,0.39282433416178,0.403676563966372
0.713152638433002,0.907597309519868,0.528156893172068
0.609049714033752,0.171901766829368,0.418696900625403
0.710992876872104,0.708421137631634,0.485735875059407
0.517386791136328,0.600446374819846,0.371786174174103
0.129871522760889,0.766145263450342,0.212344045504639
0.204142081889242,0.0838116049261463,0.120803020445362
0.494591254188908,0.316424828976273,0.330011201774012
0.803207558706426,0.672460180291927,0.849341647135517
0.12696153408265,0.553124547287547,0.919060212654164
0.466071512154935,0.259584281491081,0.081763769383564
0.936250827829723,0.626163356379787,0.721675332576405
0.126263928630988,0.0170755556278603,0.446471874153695
0.76188727133528,0.996547559964839,0.540841821048604
0.189176933958271,0.0432974906962391,0.456644558716784
0.680274481084595,0.917111165833747,0.00250434918841473
