1000;3
0.49571301892747;0.41159241883021;0.701462148951514
0.508302666475107;0.483105572407233;0.221090659799348
0.490747879527348;0.744791243957844;0.772971583462045
0.822574520929674;0.0371811394093189;0.393389092623018
0.234187624837418;0.589231288824115;0.397455429594109
0.383597521240306;0.821885615890741;0.455929530094323
0.469850090005357;0.779011251604968;0.144161185896466
0.537979170832785;0.277298835590271;0.984043293095782
0.541237890777109;0.195993156755859;0.415243740530834
0.444042471688853;0.4375096767596;0.657227544492782
0.392178810147547;0.972052515164586;0.050963551371247
0.478232544503887;0.329319329480715;0.5558048417268
0.879523078935272;0.053812325821304;0.810191304347015
0.839981089859854;0.377925870474794;0.621062654890038
0.0402263027474527;0.948978041691265;0.245900292973798
0.481843493560695;0.653219554196425;0.196028657812351
0.999950717551099;0.00808441375133173;0.998053405594524
0.0729235002345741;0.844387871366407;0.307819638645752
0.525496136398851;0.215625923434255;0.384680398231788
0.460713383763894;0.763148997337808;0.554960761779489
0.51007329403965;0.518172368724486;0.14622257155352
0.491837949515773;0.658285511361584;0.434542074123725
0.509197631420876;0.402310683584267;0.211112371572428
0.470013997444726;0.89873057179109;0.45651275135432
0.606927598203632;0.0359654497462918;0.917772412983506
0.488455236036838;0.612726180513273;0.124639871817928
0.775395878106593;0.508449515971743;0.688717985835894
0.994137436345566;0.393074271746145;0.948050870306871
0.0620831556604016;0.257929748593834;0.259598826513075
0.461571090024529;0.761244005595689;0.882612297116343
0.415731167275451;0.977800296248467;0.0174993598852453
0.72262639712148;0.0496560337921532;0.321630404953494
0.5083974567392;0.581562090589767;0.517598783719486
0.232090676902767;0.74352749720879;0.823445691973447
0.640042627066873;0.0959159695171882;0.879219396383695
0.79727216034628;0.532232410338498;0.413205165114191
0.0824289924026826;0.969538766957217;0.131300439961413
0.974678294047645;0.110036924513575;0.339224705568124
0.376570005406893;0.664468866976061;0.901905767520111
0.108379324892007;0.487199277812294;0.568955627215815
0.510540939661763;0.600257192873138;0.416592469118365
0.691703313257403;0.295695398822752;0.520876840188346
0.332082188138765;0.764247013181717;0.156919134783026
0.540588187460327;0.0470224741673459;0.0269604910573423
0.781799739287181;0.826657851918695;0.981326541990566
0.963141409076773;0.595410491818413;0.459181528560711
0.086984829474566;0.599967432550951;0.372480900384607
0.742087490160366;0.219218877842688;0.343117621093356
0.214597177589165;0.437348845375054;0.693314615716947
0.256489453780369;0.857660822568546;0.56372686009363
0.422304279090673;0.98459543840857;0.956041854680102
0.971751512114669;0.0524928073287122;0.196393051952045
0.0872145442526567;0.817128581264396;0.199463878739346
0.589407101217299;0.236595845348788;0.335404031263223
0.452295435478813;0.249107926465463;0.786348839041287
0.925053573788176;0.437940809829651;0.53832206005013
0.0985934044343757;0.834088047278375;0.57742338369526
0.601030540275943;0.234741237836397;0.39883477250738
0.338679670970873;0.886505058042315;0.376804225208651
0.459701637350334;0.890734619242382;0.110940353034017
0.500887108740048;0.345621363967629;0.762865685778776
0.532421189246201;0.584319653088658;0.654341427385173
0.809707483967572;0.0184359857066133;0.741479948552555
0.974190100223667;0.611724137387349;0.123499375129961
0.337087185746101;0.649815997787073;0.823303862754315
0.742294534195473;0.725200570871342;0.182827309853149
0.143939281843138;0.216100736345286;0.1797282591981
0.78525469520806;0.219481280206172;0.924850496799575
0.127608575893967;0.776650501532495;0.232835736973631
0.190752823560876;0.535212533630176;0.618361467259733
0.491253250155082;0.466957086460385;0.890668446584141
0.364587242548821;0.906451270920442;0.10066194248307
0.996802724584008;0.199448163350522;0.924606718994896
0.135205188854091;0.169694387511447;0.235204543123037
0.314149312361417;0.857929827881992;0.255444469323006
0.504321134065977;0.109582991206543;0.120286035955609
0.504477641799095;0.953082614402481;0.824034584142542
0.883192147682821;0.0819969546247574;0.786129035696636
0.816089972386756;0.650596226393608;0.310403102485337
0.119288121565238;0.430341663219217;0.550329397992954
0.201870523532817;0.983966332041334;0.163572016980129
0.958432017532473;0.14703829991263;0.751674001936028
0.348671428904743;0.404043666310471;0.464497466630714
0.966063731281227;0.560012517102739;0.629274317929379
0.223383182709713;0.524336962799505;0.581483467291109
0.764848172037575;0.672319058077081;0.373007442800938
0.935314204887856;0.495929057147122;0.983882617066274
0.0826929645199976;0.9856776821904;0.359942082547681
0.258079395214066;0.066189722028719;0.0899735530001608
0.712300102299008;0.609132236666508;0.266701957205535
0.634009346731289;0.0601228415761863;0.110593259914699
0.870988001993662;0.858196293310366;0.975963559103105
0.031153955712386;0.480908177394045;0.400100890755198
0.876596942334626;0.50352924242336;0.515926343933455
0.410652344047969;0.91766604161242;0.96400747558383
0.577732072455616;0.06140716415429;0.101017711883574
0.305382348528788;0.374713203613078;0.187906599605823
0.742835761500436;0.702231747974627;0.836084369534488
0.122864022894927;0.385050775243312;0.288840218063998
0.427825983168242;0.923336658923833;0.726086351890269
0.528627831238489;0.044054941182078;0.713988177569727
0.362917779637187;0.604617699745037;0.456739988728271
0.265186413582426;0.428022352865904;0.245429193928989
0.179534453067421;0.552950555831813;0.547779202676274
0.680243445177508;0.628861031370088;0.362104302390537
0.7471495986481;0.780397865445629;0.125190667515996
0.860888534762419;0.151816596238403;0.895822520273871
0.034862014467772;0.770844136816513;0.550732947184718
0.21328142801394;0.5747298661137;0.355646275058357
0.688385737341415;0.797937218401883;0.742788362222583
0.741806053477192;0.0401962891277451;0.332414821912388
0.538725903319869;0.618042023915463;0.496938299493677
0.558944798511605;0.21069505295239;0.531131515050531
0.0055021698748316;0.989041302083028;0.366380458899587
0.703244565810412;0.244679490874813;0.711251815337079
0.646350962586737;0.471046744170381;0.046821977456733
0.828994884851304;0.621588712701341;0.548397824512498
0.924910245713743;0.370046061284507;0.8006670056722
0.129650564353931;0.646855884645782;0.316488679154669
0.325728049068195;0.734855991295566;0.425438413116223
0.749846148778696;0.306114258373741;0.112048625188828
0.796038758638748;0.702060002268854;0.87494389300369
0.594358139157588;0.305433038197218;0.285641843017259
0.142332527791959;0.796525346048948;0.453666648044
0.0471383513776285;0.97637265095202;0.93377892812313
0.900592993308776;0.0296343484868767;0.104869682239178
0.684898823921113;0.671369597886423;0.989058455267662
0.243570431626142;0.267954436571841;0.126693426978477
0.416468909464342;0.988572949731704;0.735620951053464
0.852658327570928;0.200907925409008;0.189853244358409
0.00771334626815361;0.477096635432687;0.333935615346234
0.89497479712309;0.0504416745936129;0.888197563521965
0.276588930857119;0.75688115599295;0.253642437691759
0.924709255563766;0.609428773068288;0.552558217190768
0.217812105658652;0.591407670158002;0.436781005975014
0.810608950131806;0.310039578245588;0.429453961605726
0.0679969821057664;0.361430481801938;0.245279299083776
0.640165422776824;0.703548710703266;0.693937670536369
0.510342690235555;0.579578809664472;0.610031529174404
0.339773065495184;0.36910392035194;0.349242785775018
0.978235091495733;0.226028018660056;0.762652064468877
0.10551015177997;0.242018590748047;0.476374964992588
0.878755567301162;0.770487568233137;0.821932427982944
0.175764272183432;0.988738569978348;0.0319822759829639
0.555382980200803;0.339211318814871;0.496400361837152
0.503450789758402;0.383938933650955;0.631638314188101
0.429299019946779;0.150669093474956;0.668817785448559
0.457401898914925;0.81458564461005;0.517344561522622
0.627877354929259;0.523362678110711;0.727565518129807
0.913829805965221;0.894574174686508;0.877891114972013
0.237508079881702;0.133136668234866;0.0720770643625764
0.803399121907697;0.521106968006199;0.811907640842437
0.133405132060573;0.71313839875537;0.252630668380622
0.0713096072200086;0.374389450176986;0.444674985546811
0.905575385604149;0.0626368819387504;0.591295149294184
0.7740458139376;0.862921402449576;0.358597153167059
0.102001353833718;0.607118129980203;0.485094927648727
0.622749409973942;0.277075632954277;0.739236793356124
0.505933221142288;0.264132551266251;0.139256570498791
0.253222750785328;0.545450804424303;0.607855977067618
0.936257108064468;0.393991688615014;0.796337871913742
0.419468429550997;0.761152937238952;0.435997651736565
0.169434325200569;0.1056571839055;0.146910086410009
0.817801333288072;0.971763392218435;0.232715595333891
0.334878992363229;0.199129998344605;0.782674193256847
0.879117246884442;0.589192768181184;0.894654905430094
0.617319064896821;0.0278437423691622;0.0294674383544349
0.0375497416575814;0.899814046587952;0.852926090635704
0.46224534498411;0.257911418445152;0.303427177129446
0.626974312894443;0.797214649034508;0.542034270961769
0.939879778063399;0.612627068719683;0.709053786707541
0.398512617486112;0.381244172279754;0.331044205296578
0.12035914381523;0.522295078452089;0.901965530414588
0.0464487146118766;0.114119847904823;0.0616264970784943
0.972615662596966;0.766544890986966;0.880230702652713
0.618062407096883;0.918600802198441;0.421224740967275
0.46983165374951;0.100873246246893;0.307331433501693
0.266405045000974;0.696134100276075;0.652105392725933
0.0934852995488927;0.302938325806826;0.120450189982554
0.782084769384199;0.680176103594676;0.774872309779946
0.682502349934472;0.571003888676997;0.702607030900498
0.246092332138029;0.75402775911515;0.427554514439298
0.838022804961215;0.447447840109139;0.218775069799387
0.222169410738425;0.045325238687588;0.181909191404242
0.991883455235338;0.935536571436402;0.809914075499388
0.114316398407349;0.995976789806232;0.998887120381851
0.348513124252369;0.0293360163499518;0.0819509138292849
0.798582336082124;0.615676167839605;0.586152007307349
0.459225610010819;0.423645644725853;0.533384454894958
0.0482688405854345;0.333245738971797;0.331909649929719
0.40984579219722;0.626543221994657;0.666517856768272
0.916007683147442;0.52968109132617;0.465962751235051
0.621961547353394;0.69307358329195;0.194171624263518
0.286802571679992;0.125910746333814;0.694241941758364
0.216739340231313;0.479503958827854;0.514594708727653
0.749628629203255;0.750764461560218;0.617190828532455
0.838330504089404;0.760858770478654;0.296441900693428
0.837711195737589;0.469131159847901;0.21651863084856
0.215957275230038;0.104831487082782;0.865894913659825
0.0446224040077149;0.462862702717081;0.0799926040220256
0.77566339769397;0.923147258014135;0.805522291720739
0.358980770176979;0.49998600753344;0.952140786623008
0.936383799180685;0.516517336850636;0.0871331248774887
0.116169420827429;0.0517496310260747;0.583223035792905
0.244407351963847;0.348674661861976;0.716953749037109
0.62479987538171;0.802319581257343;0.323687535751867
0.971279112536928;0.961403730017368;0.481203657079306
0.180911815956515;0.105844077588855;0.750814969410172
0.332458112537388;0.512696581835908;0.165617988567233
0.93953695666146;0.634344525971254;0.832918463574666
0.171314333247234;0.413184768239502;0.122150086194386
0.669685054943912;0.772718273658538;0.896430373018365
0.419651928361133;0.0528953735321323;0.374757110748233
0.505338568611039;0.814310188886173;0.374650230230685
0.806363202921745;0.638986930970155;0.706954914622109
0.221048406929307;0.424055565984342;0.0322533827138761
0.309154964692163;0.406355334694769;0.715299249363819
0.578309075768753;0.16266531836821;0.791970781361311
0.578076165766731;0.476197172331369;0.425608918548267
0.194140175808363;0.927978558700313;0.074540379035646
0.894530433046282;0.636702385331379;0.726367669168468
0.0830527911632307;0.163899545427025;0.34505666991971
0.87868462899738;0.873061274454139;0.73438984274309
0.724264713769053;0.451756611318603;0.547114685612418
0.0551211910187986;0.550152974625152;0.0335253302274554
0.65569065909691;0.387845883954754;0.472169327783396
0.858871319241754;0.0658764464579724;0.899123803157382
0.396309128070558;0.629474454466362;0.631852947781474
0.0902118949223235;0.558586480998997;0.54613913974327
0.906969768142152;0.293265626791109;0.362820604877991
0.299554010026201;0.689884793042421;0.0438523899250061
0.879294511522863;0.597854077428752;0.92740190002845
0.0616255565733868;0.155098727389625;0.304930335749573
0.819846525782455;0.961257011518466;0.78973730739875
0.150601099285657;0.421151412490636;0.0704373599037191
0.821592276530877;0.220771216172609;0.792938612036642
0.410488915614718;0.239830650276359;0.146488552147643
0.349044975919187;0.419177562703235;0.841870947885906
0.693715744655131;0.867451512740578;0.128821666195079
0.654995700504125;0.920861521021532;0.985569219011278
0.160534551638046;0.0412527528406831;0.142515454504245
0.820126529012886;0.410756135918472;0.602899745193015
0.0262849772091274;0.430580353849934;0.447466352402189
0.656760977012611;0.807614013595418;0.389828767274547
0.944650216207767;0.671105257047762;0.687222989977274
0.293120299202891;0.122651204795388;0.459518319775449
0.119018598106149;0.532775984324876;0.666154352933412
0.874967804583446;0.952743532654603;0.809182694533042
0.382286721116876;0.256270503453358;0.736084202243064
0.128433047936712;0.12565729444981;0.0542893074086587
0.702316171817685;0.933749068821199;0.803862374163389
0.889625223829689;0.299286080955347;0.342789600638372
0.757285237543656;0.578289289854697;0.138680162627665
0.0760689847436105;0.138710402089669;0.64977068958565
0.268265361397712;0.128391500218301;0.686162210676006
0.387293322826025;0.772405182598336;0.27979027989749
0.472650666713488;0.647560181673906;0.710661407863107
0.979122198022163;0.635308356786352;0.256603399713968
0.144296556510933;0.280503765907736;0.421010095698161
0.234320433656266;0.435398205315839;0.976752832843008
0.38353343282488;0.631229141126473;0.110802463362546
0.896713304055669;0.581763591148268;0.552250537243542
0.902806989651956;0.802897353625852;0.209635988168468
0.209114340380882;0.180107515110171;0.453864959796408
0.324672959853749;0.280409127135241;0.862995596285318
0.606853356304305;0.651012362696236;0.185991682707689
0.62272671662699;0.852470208346048;0.90031024397371
0.97917013539881;0.712372026785694;0.544076756882459
0.213094677608408;0.244332866224298;0.25516025746987
0.0923887400677914;0.125735033634558;0.617696590903562
0.967578600105149;0.81131711898915;0.974872583289102
0.195549632386882;0.444674589048834;0.0836824882543015
0.541285151522049;0.450488362938429;0.340932637653097
0.233056332756913;0.197316776979243;0.776460111574754
0.299239645795306;0.145705452919901;0.310725680673696
0.684349921852392;0.987318548872922;0.631898506071046
0.732356002125899;0.508885281213631;0.37687781174409
0.843718418192939;0.391374033294226;0.24822724947969
0.0881549714735653;0.0239652405375136;0.908392828026022
0.296808181240177;0.603551708897302;0.233470179700902
0.73804306597395;0.845529905393557;0.425469804376799
0.909948452286355;0.617986630557177;0.715144797702558
0.36027274674078;0.881090785613245;0.998221815929012
0.0322611129987536;0.00453065350053131;0.143052185595766
0.697267443160593;0.729524576023393;0.265202334377879
0.496228755768262;0.666221641978746;0.564766696079775
0.915927066787462;0.487919719913723;0.476134435193513
0.20385082317328;0.239762792217591;0.118987434879073
0.454511127223077;0.322958061126213;0.923153300682539
0.282693210185144;0.830895464381661;0.259787643175986
0.174456476955228;0.338887195419522;0.476120587778783
0.958857760477667;0.764959092481978;0.646289810073033
0.134211671912673;0.225873169958744;0.231248601761897
0.0953715166145025;0.223007673054244;0.859454727548058
0.723945505809573;0.569264152716683;0.247219871918011
0.691927032647975;0.800985902566331;0.524308446974671
0.819539745846562;0.130783872949525;0.630987073079278
0.283847866618813;0.784971853839361;0.954484095706222
0.234964193029292;0.617657725277972;0.256392747838397
0.270124158778481;0.405585141126435;0.103306106809044
0.985794551072718;0.669545226443529;0.919714547341252
0.288399374552488;0.129993734589349;0.21934040603974
0.264726541495385;0.0869035807725117;0.465575328989452
0.417646832197692;0.526921268820079;0.250333726395384
0.461511545877124;0.873190529453131;0.829227406592055
0.288748859801734;0.796153765984198;0.43937959467712
0.929281126119363;0.759854729587473;0.0730545929556194
0.62507106279045;0.508795869013289;0.984486688073859
0.591275582802388;0.147682209710062;0.576468982858848
0.0186198303427204;0.993622804997239;0.938219523020112
0.884981428511752;0.0508944919187454;0.0257188494802626
0.849304659797849;0.192512496978017;0.282125506824685
0.494047665509494;0.78364868422172;0.858148987488354
0.135317066964245;0.394003446772199;0.329630846079943
0.842163079345637;0.96050768570875;0.958497814454553
0.20335960092305;0.209185605886258;0.0909360116134584
0.932825409231827;0.4054342174155;0.465044215832892
0.881276187798694;0.556817086478125;0.778799442552733
0.0176506589916695;0.497321442564317;0.268397618880263
0.557161857204141;0.746626338034509;0.458158532336001
0.794488463626754;0.490083364692359;0.724659258404455
0.539241600016096;0.212182384336051;0.359973336968016
0.228623100504183;0.681290694919058;0.687420987051213
0.318041131673475;0.514137997358305;0.494826119945933
0.518802208034851;0.41217740812905;0.370660310340695
0.899550482570579;0.974654013990654;0.40657538357983
0.594767911962147;0.0623222131798431;0.514131607003811
0.0658588920409295;0.761668450217589;0.1323757669269
0.190774637159686;0.279073324222121;0.855338402092526
0.617075803830269;0.777373215170843;0.43611942258003
0.234987432201267;0.387662736241889;0.688792716521186
0.939138904646117;0.259239055700426;0.0474229295323469
0.309607285844095;0.69134103512585;0.4326091846567
0.279659614015357;0.488425590163457;0.670946178771389
0.952130905838546;0.544444462399844;0.368190231108477
0.0940510194278486;0.474825479380114;0.0362844618183537
0.612595137278182;0.353288517025993;0.964706443998665
0.433127138966927;0.843862215489695;0.441990050953075
0.699457540021729;0.677451069299153;0.340605279315546
0.853943974324912;0.5702046595663;0.600413702944798
0.343073588893602;0.0868527284190466;0.484190610991076
0.104422544052915;0.695017629407763;0.505975210750432
0.722122912951104;0.626226464757443;0.413914514327605
0.587714777032658;0.787404012791027;0.664931454934513
0.914618238911105;0.0380248436659734;0.926610279959253
0.771123004612234;0.0952393248949506;0.629023512891871
0.0430317646283103;0.706321437706257;0.238963421073782
0.374119581237253;0.387864918502506;0.61556088635128
0.919894167069419;0.918888578550702;0.0594265810046731
0.879145485001387;0.512781521940021;0.168931550517022
0.714222885151709;0.574759957581533;0.92475405227221
0.0300394576502667;0.0925743147924003;0.695076326628514
0.605997774016379;0.58306349727456;0.311972419365726
0.155258693845891;0.868949464133853;0.220115021856151
0.921159514506492;0.228498005147512;0.895520094527894
0.783081076414695;0.886014773665449;0.0620856765515697
0.258411712371492;0.389534690559077;0.636186454073186
0.261892800515226;0.457369030099242;0.543578475197429
0.670170021826403;0.776851362314315;0.612073458190427
0.756658613390602;0.419069506279113;0.371242133115025
0.950045226065788;0.812353683502439;0.525425020441273
0.141913259126219;0.0466976596857301;0.851483297389218
0.085668791742095;0.624391674667994;0.0799935549967875
0.873603486397102;0.927826940921414;0.865221373049195
0.544323794861112;0.225674275737166;0.198053003514769
0.428515220160234;0.221438971904645;0.725573787537199
0.645224454171975;0.542889231413147;0.868642883384179
0.0554985487119128;0.533430807421432;0.201116906829629
0.653996272208132;0.700023666570875;0.288558576266895
0.88948978205581;0.87642739590623;0.184888498779036
0.67394284874986;0.707407454636805;0.664219504711424
0.168690390780703;0.401799904007091;0.50319710994806
0.342863704905202;0.307307531798871;0.824247322603274
0.0715298521906842;0.758063792054753;0.190033810722187
0.95309849204786;0.216852025154441;0.952985862476863
0.148940585272196;0.49389478234241;0.161512761396917
0.647647134638986;0.0535861164919068;0.698440797797271
0.0718576265829639;0.391168203409886;0.230685788092071
0.951277707874473;0.983246347448509;0.752817938804142
0.60128393049197;0.40117682085197;0.186831810183935
0.504866860070813;0.114764384615763;0.7261502602214
0.158568931156353;0.283896358495408;0.528183121645662
0.399811489401748;0.863270597764095;0.642109950780262
0.802941541964666;0.449514999202488;0.509502171054557
0.652398807262051;0.413230365783016;0.472620731453563
0.0678534604752777;0.135511637661369;0.0782337235673969
0.221200960780838;0.908899447158987;0.741604804979432
0.948688244243582;0.611356966889529;0.527091961517163
0.546133421992822;0.307590019312009;0.639027153114525
0.725139529063027;0.530303314368533;0.559133959932227
0.0276296334779016;0.0448531011338774;0.104910844299343
0.701976330500989;0.870029266497718;0.714672301216177
0.842379721982396;0.846056258189537;0.877409702621429
0.0632113722894019;0.275563758510332;0.012406613291938
0.824018832242477;0.691421691937272;0.730902512568565
0.397021157226237;0.0549551195449396;0.663703123502431
0.608217195549517;0.624321464039625;0.657215603154136
0.186269710887365;0.761171157451002;0.107072754047822
0.931549015933395;0.629124948733254;0.812552623276767
0.216800836748088;0.0974372501387161;0.303019709380618
0.535047191735717;0.455923131862915;0.909622344195081
0.278287712644452;0.258162126998158;0.361565148783803
0.109386757828045;0.453705725169302;0.216869420519138
0.970271480653595;0.69073388266134;0.832228727628245
0.354450938216229;0.381077159562829;0.550736782659759
0.345531186788636;0.376970594995408;0.645219350201689
0.813285150375076;0.205712885574237;0.303745623030295
0.276657266509227;0.980171154016113;0.155795694774115
0.32702108186262;0.0695082997642136;0.800561275360959
0.39804795142694;0.528319723277193;0.618971522154865
0.843530355655983;0.576326417239477;0.837559143064381
0.0365647351324496;0.590321993705978;0.0603834298378867
0.931345668675859;0.824020665181443;0.610090410079657
0.401802527636049;0.212846572921889;0.449824412475431
0.225566868441958;0.398743118679603;0.391749419255159
0.472105318984144;0.659634825667539;0.753700753259083
0.150255639190975;0.557509271481252;0.267611842148789
0.933323977008845;0.722159858884323;0.738217525779519
0.671216895434807;0.472853292491929;0.422728313999779
0.530091509605567;0.64826059459238;0.198904922909904
0.189557474060422;0.698181324476573;0.865115454160004
0.498146149123666;0.19367327439989;0.5610721226756
0.511933283460024;0.451498616407307;0.256607543780432
0.948408125608871;0.529810152921852;0.473905391753513
0.0923884471765339;0.451646206288913;0.0743181782130026
0.558467940139867;0.344080208644326;0.950681921091777
0.0857987388626183;0.813990753596118;0.189486330040385
0.943172319767258;0.787269720922537;0.469047260040536
0.787586331637961;0.312001667164625;0.427986298266373
0.349290580544593;0.877182178328447;0.560824906263631
0.287703535660443;0.0694692880668914;0.602261962394744
0.864678098952757;0.909251350011979;0.978654605486102
0.293844961885646;0.123455691934472;0.284512789767189
0.410618469933195;0.748271140820744;0.0921428380177341
0.730748814470934;0.456956219155913;0.654488027865508
0.00880727950126145;0.739856363680198;0.547799347397547
0.786370936873294;0.227274044776357;0.550232428490324
0.8665204848302;0.639507988411032;0.807195589412459
0.168965896134169;0.552218818832083;0.476760883771313
0.248399323163559;0.615313613084765;0.897153376950985
0.875779078564213;0.51635818460161;0.0459271542352349
0.679336667078593;0.838934191652236;0.497749937871083
0.246224808700351;0.0229117302360732;0.342247951288239
0.115882467763817;0.143941442172965;0.643601278849161
0.718159478019724;0.693800627588188;0.629773441770598
0.925205679312272;0.810463914204023;0.911869664198174
0.415551956492123;0.660326275057575;0.497201528950726
0.666935266461286;0.652729707856091;0.316162929732691
0.0475041138935703;0.102544995568954;0.206854534617371
0.266798177510642;0.69238855779303;0.0928702941167143
0.937862533280368;0.947722092864272;0.947815964877262
0.612731990472517;0.191659980898296;0.205003042597647
0.80710936422621;0.261837408760161;0.74460833367479
0.0173686205848573;0.209608029491714;0.487477793034729
0.67478108987256;0.852964883077713;0.546497490998485
0.607696687229353;0.741766111667391;0.58055801893224
0.255947000848689;0.659061594346005;0.021506705003391
0.289512097093737;0.0120195836827378;0.80344534257398
0.402258906337149;0.742260358655065;0.599747243777333
0.92219472283288;0.332737008438708;0.60980789319373
0.434713646263377;0.71457699121672;0.156988241960822
0.1377551627852;0.118840354234968;0.579277133042491
0.654107245986427;0.716754061789211;0.919547378025548
0.0959498001842639;0.71028659536707;0.387201111226353
0.913574101846274;0.261395781571429;0.308919351430689
0.485832617690404;0.792696287972816;0.299299213778691
0.51497142366804;0.130679534372197;0.438204105014628
0.549639792589668;0.587097828990496;0.699458078226879
0.429095568556912;0.847239113309134;0.798353687885643
0.94825010733823;0.490597998446494;0.498197562843235
0.0354960618094561;0.0189369485577671;0.31764433897634
0.316232253285999;0.52981804507066;0.721088302507993
0.916791747457959;0.861018390752047;0.694413197402502
0.0621533393251966;0.698333229600674;0.0324162792368143
0.893513134515577;0.487220074720973;0.792157795902427
0.318032135003099;0.260000415250758;0.228089960724214
0.493003921222868;0.418060650347238;0.823419895076129
0.471265029436433;0.887131548280355;0.455035212143948
0.358460641829892;0.0650853200760535;0.263982548590646
0.668504677545039;0.356427079317746;0.882279852738772
0.337704405945249;0.217861627639576;0.64727223461374
0.0992348128301069;0.327891411539072;0.0620276800510705
0.0843354265519975;0.976346989424816;0.263274636830149
0.977650976725645;0.594520079541378;0.80214483864004
0.488658707300964;0.521521152683346;0.174813702112039
0.486624522580854;0.305095016414363;0.625722038904676
0.277104092893468;0.311948047021197;0.537495157064305
0.861562376654914;0.970062516850131;0.848064175288726
0.711393428465702;0.536199463653471;0.285272732174862
0.23654939333017;0.30453277667308;0.247659727933993
0.140872264639562;0.0744401799696422;0.623626108685412
0.204935639710747;0.419468374692973;0.794741156163463
0.818510686233308;0.875995500236809;0.299101399304158
0.986281494588833;0.760675559790223;0.637398766838609
0.197776939634574;0.190231214301064;0.0781833617853618
0.294639650160086;0.236353925799116;0.709898735653383
0.591979281837367;0.904331389175726;0.771710895057245
0.827814650870904;0.802147735055365;0.409069560963377
0.598998911942169;0.275600388981241;0.418220026420453
0.0643605546696113;0.285261210613965;0.523949764870902
0.0160972755095333;0.128316071032861;0.781256138658799
0.954400887478992;0.602607605369272;0.681306839392117
0.492778293522992;0.228568559843331;0.126552409641142
0.181688061141701;0.340186786081591;0.391399667693658
0.656981793728473;0.206098374486398;0.926087759461994
0.572760414259644;0.752898040896557;0.727517515349232
0.205248875196751;0.624648075302304;0.0862434775194353
0.876298881838256;0.477217733284414;0.453006810633095
0.323115717376791;0.515188346858625;0.579634363127161
0.424681728131963;0.595296992459524;0.722801599932862
0.403758723636966;0.791911062643703;0.0974931756530286
0.993856261966706;0.243901431007466;0.973645580062898
0.123850189535424;0.341369749873541;0.123754064307538
0.552529132763723;0.890469685947079;0.534685527538703
0.613068371942913;0.725961944802772;0.52159955035285
0.548400677458725;0.553195110307776;0.629914638583253
0.0174635734340343;0.0159936382984697;0.160901256078215
0.956666701529018;0.951463971858062;0.544607534911659
0.364346854995519;0.251903929155887;0.703274677704738
0.534350697252074;0.426107777108079;0.766936784711424
0.376884595144783;0.570076114323408;0.2370301975983
0.767512247935638;0.524164911286519;0.5773464265592
0.259223024550652;0.133379187737822;0.341221578369881
0.596773237784209;0.427189616917482;0.609334830416734
0.28867108268974;0.880299113383641;0.746669073822576
0.819373394755141;0.69927673741641;0.455375705431712
0.715668446903911;0.491820917951429;0.181827173624388
0.101975374896948;0.0619690463824863;0.937914980276007
0.172123966640349;0.367930303824505;0.677212109194731
0.930801366856241;0.977580183475518;0.160089289124401
0.611927895164416;0.304748787283077;0.655027831357086
0.507557670717139;0.602135495979546;0.191522052985746
0.111102167005239;0.106837045910223;0.672058473393461
0.173207574982202;0.553425823962386;0.387826538361773
0.739064131430523;0.776780476330794;0.356839572024998
0.785740517695379;0.741631212373816;0.39475656140969
0.86494505767753;0.69295418220506;0.388452417671177
0.175894282255317;0.0639392779419734;0.686181289242273
0.591934371100009;0.767619073242801;0.439572106623733
0.733537766889699;0.812867005739282;0.612387810114592
0.223030023296942;0.174315218564541;0.437656709914348
0.492212056683351;0.599509662143855;0.79394660979699
0.166926847756062;0.365679338594405;0.0903158055445033
0.652318088379194;0.955564593904389;0.0487378445513021
0.0137721729228246;0.218760040309305;0.572443325433169
0.851660025718501;0.721515149422606;0.829748594398155
0.281865859044188;0.0916523381965746;0.77527262874356
0.594881818693921;0.83424828386521;0.623617897961315
0.613355017491395;0.215164756706772;0.662865637250616
0.411023142284209;0.766586394337632;0.368745527060797
0.995329207307376;0.281593016203214;0.485373548393809
0.0591704064647541;0.556102979042434;0.0634657378581798
0.472075440290927;0.192411942388937;0.736226713507617
0.338736668816663;0.733848542277311;0.526368862536733
0.500277817356692;0.156079884925184;0.878671091031873
0.414611639317163;0.478159727287328;0.218796438649174
0.215863375144055;0.0957506233513179;0.19253398264587
0.235972528692851;0.855011806259943;0.167260425423933
0.255878215104033;0.517959834748798;0.942884266802563
0.367054393649124;0.0351299549913376;0.69845208571361
0.61935711814242;0.749101513941565;0.15222269223231
0.113444429290703;0.0346156261524085;0.583915019051998
0.983443095749915;0.791122293353957;0.726856688882663
0.0758756162095561;0.411369241265946;0.631622019439285
0.63018429317365;0.684480105811531;0.703606830629453
0.297748960981458;0.164727352135856;0.0992690376921084
0.913943024003847;0.392776392776847;0.810275134346501
0.21503839178579;0.862980768667684;0.344509174403793
0.357142819241904;0.175363921655516;0.949258304480751
0.0516295565516382;0.428469578631396;0.142818510917575
0.416053792993311;0.00342095325281782;0.777957295745234
0.0481363692413711;0.418589184432185;0.0641576873448197
0.927847793999526;0.658254549517443;0.767212100810231
0.267791524306699;0.204172978918558;0.838792761915377
0.233051647190464;0.8684211476038;0.395367346518259
0.832391036237327;0.358322907212736;0.535120122939872
0.412556094527329;0.818498126415554;0.102573393213122
0.37996938143369;0.651166578347882;0.257011884336824
0.943896249884136;0.822411055394358;0.679264136796561
0.18463037223874;0.19093348441672;0.349482355532127
0.91315942991937;0.205117253363669;0.0889386579566681
0.404780842964274;0.531057470934466;0.918943166851151
0.269413513680531;0.836741087423623;0.688629935557412
0.566472562330348;0.400918226286937;0.395545100226006
0.888469034343822;0.0426088980485194;0.845766744136075
0.837271592431442;0.468533646530796;0.522640842075332
0.0196584103801024;0.925920094851713;0.0599035178794533
0.450878743671264;0.294438448081107;0.533236116498271
0.954896486138481;0.973272358306129;0.810949003065848
0.692213495640944;0.0909375381567786;0.77267620456761
0.0206517386202177;0.244689840406095;0.675714900943823
0.584770854583018;0.603841893880167;0.00624673901983062
0.256693534715485;0.889085974090008;0.730555504484142
0.910721637887547;0.263583195589248;0.654731673810189
0.53975100101937;0.214344858625497;0.621528659786387
0.398227847634935;0.62168664629603;0.378554472631269
0.254965189265138;0.833681245568135;0.305922695353975
0.789869591560824;0.113495687145228;0.166086831961501
0.878512216860036;0.89327917497218;0.968332102487112
0.349688797235614;0.326380477646541;0.313871417070669
0.0386545739819997;0.0911104612937359;0.312690675644399
0.807240569522948;0.895245434871802;0.574258365379637
0.334788704308123;0.22490583798941;0.00386734836050209
0.611432667036999;0.772463284938497;0.93863830404531
0.0306297825888485;0.683371703012083;0.381729575045904
0.974398237277717;0.276911322015622;0.745578025399448
0.603155535107166;0.401209059354215;0.378069045043331
0.0599339656946417;0.497832052823973;0.153161903566375
0.726659129753139;0.0791481408735873;0.904020368529023
0.465881751094885;0.659201715023724;0.0226369632042323
0.386675310676805;0.937876456685482;0.694852913414824
0.949918557715006;0.163052082453723;0.906560653703109
0.196867557986215;0.0991409972080896;0.218626824412024
0.516598042615228;0.912109447051641;0.656325550528843
0.106733709072973;0.131711982248649;0.210422142210493
0.881338783468913;0.25499974815788;0.853923738447737
0.367742398243913;0.640282751669466;0.394190148669856
0.291245193262799;0.463895343684164;0.689771604175119
0.36078245773642;0.37500041987709;0.591873203747653
0.979299960271554;0.00761791744363178;0.946944680435951
0.242782665655613;0.72743331454282;0.0259644439419899
0.51574157430069;0.517604240675686;0.573547817613591
0.145002456462727;0.496635444715679;0.520039766101392
0.602397954143261;0.337593031212958;0.753481336905993
0.912459835443005;0.920691434754009;0.929835609040371
0.0692127915490683;0.613258913304412;0.081665587419229
0.385824273275495;0.993398497684216;0.709824443421162
0.642714234467571;0.050253003616346;0.00664348201216227
0.958465167755457;0.711612002574581;0.968295909527801
0.076172652033015;0.206932076046217;0.191169787776288
0.653448497167429;0.561420585210339;0.601389025557776
0.345645508731902;0.502340552293537;0.524642856020532
0.431853489776481;0.85252546878031;0.349359325548399
0.925519137582224;0.156444869472798;0.827813006365633
0.876463489309673;0.670815623769633;0.646599840062814
0.221940532765021;0.267884096114715;0.174768540318183
0.713706797764373;0.843565375591398;0.787985335343254
0.170581782069283;0.205209379582785;0.480065939694757
0.404889775940242;0.62145512084185;0.0457286804734275
0.759949251698493;0.533099121262229;0.186899446188814
0.703610178602291;0.831455585747075;0.888118016714658
0.00796900846907961;0.982456040522702;0.140491856206605
0.589706514454959;0.0278208290534837;0.870828887833029
0.717609388719127;0.117954445966683;0.0737291887000011
0.167252818830401;0.967045206264711;0.802243521199302
0.523213868902828;0.153160457715049;0.860514035602566
0.963773825247217;0.226820614297386;0.688490899578285
0.120055301317649;0.586349120926614;0.24992175461084
0.731558660550381;0.4497820477172;0.247808887977133
0.558741813465011;0.148045374747527;0.947005460446653
0.403289275900469;0.928820568159597;0.153046468394626
0.423376270597534;0.335105724628855;0.671991853186396
0.469884459560356;0.496484887520813;0.659359683041276
0.843916884753688;0.421919565885453;0.159803664168978
0.40887482603998;0.597104227534214;0.589139615998571
0.142780071059349;0.161528690406738;0.969563102110876
0.122187815632853;0.83206466549636;0.244277753972488
0.907270212875885;0.969239832506094;0.0285043099823804
0.37070006619296;0.0389905521273821;0.912875740320898
0.677663186494707;0.771554285232959;0.370539974129884
0.237676528692882;0.577133006105978;0.532943633547089
0.0704412601037105;0.621353346036061;0.620448676722367
0.950591041257748;0.179655220171444;0.64555717062139
0.892489688645105;0.632676744812474;0.0379418675673673
0.302533332338863;0.532942003018821;0.494063683395436
0.0322800094000049;0.325372418781234;0.543213532570395
0.708853017561415;0.283708339925176;0.859945688441866
0.876932927515962;0.193126234317714;0.967066390246513
0.0792913473215047;0.020261952656203;0.229757923369857
0.496990581052353;0.788076811283749;0.353621392189176
0.784827729860889;0.944031353683191;0.0369158459960078
0.198983726516587;0.0885408109083951;0.4811397252874
0.373352599166193;0.997542226815649;0.295426827883762
0.949569154800939;0.0965228045541734;0.978244265491801
0.616772645142634;0.425125320708085;0.593735089057032
0.136968051726279;0.333881212688145;0.488416419811315
0.244423582914602;0.802292727831156;0.333611751295259
0.501317970268362;0.538930932071723;0.114419332690324
0.955883551912219;0.276735678882383;0.609862888092678
0.31685700872442;0.161600047364585;0.950801558390056
0.139956216139391;0.9294698584498;0.215237579936724
0.896625650476159;0.437565551347068;0.0551473576980697
0.423689557669438;0.0554497956807612;0.889928516999387
0.139033004175462;0.903275802629452;0.315268513340125
0.901860288723351;0.195830912590729;0.889107130088757
0.109646763157532;0.827097525237896;0.171811475748464
0.768078077872711;0.055618351825627;0.593189233378413
0.597859504414013;0.952975834936306;0.00402450609138216
0.972869226120754;0.344743780999572;0.920062156289114
0.335729869716967;0.272317707913311;0.559657913291176
0.53038821627185;0.632740369849801;0.334592625759213
0.09575042649968;0.470319525006199;0.28595156850219
0.283680859413764;0.249495998091972;0.578531319835542
0.982141348224735;0.954441919511988;0.793501051702197
0.458986222450613;0.379438502860517;0.38165189591688
0.39620498799709;0.0782258214579059;0.933249742859283
0.737513355248616;0.888610091947615;0.24967680088603
0.014782133200341;0.0704670691227695;0.93867122668664
0.722611834302594;0.924546521849103;0.00457783955502847
0.842384110545869;0.591508829039103;0.790868260393306
0.489891460034442;0.116454203587032;0.71045245338755
0.365204628842602;0.719467286323828;0.335333520992101
0.0956031583470872;0.395985877359094;0.233522176972212
0.514578698370219;0.160155235387573;0.885327434774224
0.416968651859412;0.844241800458333;0.221155395367071
0.696179234710024;0.180626561311687;0.813014111604045
0.0778302377873484;0.258331078506417;0.737001452988733
0.606971814159391;0.384753690847236;0.54593477379894
0.722598512655945;0.273849626752949;0.844646982838124
0.503397618029768;0.934926668649481;0.0439200235567445
0.0769746101575009;0.832695857366458;0.387354775686236
0.976126967248384;0.326328239414452;0.330218895367873
0.76096899953047;0.812586931652843;0.638550233289477
0.151421938231996;0.228587419913386;0.106131229686207
0.98803019698375;0.973586384302149;0.0131655259340135
0.0579296122289235;0.0647014160208428;0.83218706900618
0.562645221561292;0.730522765550714;0.501526943986951
0.387400597899621;0.0982125030814593;0.91775131242155
0.887990818474817;0.965938631476937;0.0421034142148
0.322262837349938;0.267890300179036;0.617415572140811
0.216871474795919;0.0876308320888702;0.778750814409446
0.375614252185466;0.892452603308131;0.0542137717535254
0.710306072720857;0.253860575658179;0.828724699221006
0.42208822827943;0.647605854837664;0.149051313012689
0.232241943731585;0.577409951260785;0.889364904680182
0.999630321568718;0.978814620878472;0.0111592814603655
0.0750054304316911;0.0100618702779445;0.949880299204846
0.472015176137826;0.894625817341402;0.634469113242154
0.504714815004898;0.433526568276079;0.24896654361338
0.50723595735028;0.333525802325908;0.722879533695421
0.513811866218066;0.328526379972176;0.338985610821754
0.492717523163236;0.679148316677082;0.213287984875394
0.517913530025334;0.2243421310181;0.725399117411357
0.526288863911907;0.195076754977676;0.702253474947828
0.414866858555399;0.965526737386919;0.548305353599406
0.491494277782925;0.576850378850546;0.262757824620526
0.57610487470782;0.11935685481727;0.566022865314966
0.337320738507026;0.950153564981571;0.99547817690187
0.645801000491729;0.136760070894349;0.240095413030175
0.368184675457387;0.809830427827018;0.36980460143589
0.665560312333074;0.151653806691021;0.368564405592753
0.41190126697688;0.56523083244029;0.965500480519682
0.671419510265705;0.240976630655146;0.342052107264984
0.200552795495344;0.850810602789427;0.948889954735076
0.371320754758712;0.780963920163193;0.527220895740718
0.705906468781804;0.0775041149309119;0.940758973730428
0.217053879600563;0.954293897539549;0.0059325723857049
0.691302699771474;0.187417837119382;0.864402576909149
0.938202136710747;0.0857356139939827;0.430572142648432
0.0784772092158185;0.942701692534089;0.23830032512043
0.953064297824987;0.0569468642442409;0.484954264443023
0.230926163090153;0.731704129968816;0.697789072330435
0.774907662009554;0.233212776779021;0.172129910638581
0.22431182219945;0.792345987231095;0.536976002224086
0.438124212532319;0.482451559708422;0.972451462984422
0.587067764951553;0.493966975559755;0.155858367252166
0.10026674325467;0.877868255125357;0.811330612295265
0.908810406375405;0.0817407905894754;0.162784684407881
0.42640296443058;0.599973767607764;0.361319158984453
0.107845467597834;0.895969116250439;0.89562441630309
0.842316190423203;0.151877680898921;0.117615091619414
0.789100137894448;0.159981320942657;0.296214797598162
0.030766881586482;0.990390799714172;0.644075693964948
0.940244369625969;0.0348272511390376;0.614851898161691
0.826020230836387;0.332967527662973;0.840331842992751
0.392285168696405;0.781146713939111;0.0359744962942834
0.160702509473901;0.464095418190222;0.95706626657548
0.992472436782162;0.833666159045681;0.966201955040629
0.0557674554796353;0.39294958862277;0.0785706736259806
0.502224482548895;0.44099947979271;0.465707065986947
0.517114808215424;0.377107282092033;0.678827868939528
0.401336855861625;0.820258268776634;0.474118743397983
0.602351277420268;0.279586006028541;0.0817346255825488
0.892928364600256;0.306516960526974;0.00946289650938562
0.0798258490675373;0.956937138807727;0.975285559785064
0.523361716153326;0.393731178070287;0.500216198884301
0.412189421630578;0.865349626380581;0.392242511602456
0.46531203162323;0.82087077101576;0.251057192191316
0.556662770066912;0.189448210496177;0.765996318407169
0.458179335488492;0.476239709617154;0.594532866124877
0.812868519936976;0.0230135261589157;0.555355216839057
0.143666222874881;0.963456865641635;0.15660827887129
0.820882144832963;0.0749380519368928;0.958598222032191
0.227343570604338;0.787385287313797;0.446303133676537
0.575659776494222;0.305617581337326;0.974606836529607
0.674900207237469;0.434948132597017;0.0776267834607356
0.167751080513238;0.860998471251742;0.543619342830479
0.54165102536805;0.448836194666372;0.444934917248655
0.369736427244232;0.795652852966651;0.370828377201018
0.452612594592883;0.521768350930026;0.137928041209085
0.498118527449196;0.445308573901752;0.70183389134612
0.543356204720219;0.614667064437256;0.64784303969626
0.343682562299778;0.440483501529132;0.0775140053701249
0.854504362572011;0.633068198113203;0.0399890597967293
0.304494982209615;0.353349746408351;0.857895146445012
0.431169394012384;0.511532113794338;0.352643455579375
0.589759861577074;0.58111392737596;0.208786086490769
0.371514423020087;0.776734583132872;0.675793054178999
0.165298469071039;0.0967753322612849;0.897568428531682
0.916288004794537;0.980392063817452;0.0423607720266634
0.376362837690613;0.13480488077219;0.954503221743701
0.101660815879542;0.441584865672536;0.260379704718518
0.771173273975145;0.0777768067494946;0.898224160872557
0.737745711650673;0.296618642397573;0.181050168262303
0.0758771217308386;0.964216737700451;0.603046968236361
0.5796079775411;0.769388293270849;0.0840150061256665
0.444760542225866;0.368981075952401;0.904963656406167
0.719569041237125;0.450293690796653;0.058418406088401
0.270685871037511;0.503071966136804;0.703030810813054
0.771525547721397;0.105548178298503;0.817017641407898
0.485967515883528;0.812322231909984;0.0872299830605859
0.919271869029269;0.863641752011962;0.793855829390234
0.139451601420896;0.122797087702681;0.293679801843737
0.22547316161045;0.125380261497116;0.901120806338387
0.677341783647098;0.771663177185607;0.355962988599459
0.262529401191624;0.71024901381567;0.791512864004782
0.815296258444346;0.466112568710246;0.0465383511011679
0.118152944317652;0.379741392953121;0.534344320835119
0.761816540620673;0.272166745252481;0.706553747373527
0.307780871499433;0.0195795065203126;0.973554224607928
0.712192379184827;0.744115436217972;0.162488853835793
0.999377052671162;1.83059802002861e-05;0.966593347815977
0.0827624074531505;0.946910755983459;0.36243478498484
0.461959351624564;0.492871986443041;0.235333707956843
0.811427441796624;0.650180031279544;0.595752545210154
0.440360815670798;0.511033606209107;0.488452396722456
0.141618324795905;0.296209473745215;0.567135182039841
0.60817290917793;0.626004732351208;0.534067323625977
0.630980862852291;0.54979614525201;0.173630499478793
0.247094993548234;0.327961603355551;0.840162762008337
0.446116069205446;0.368230181479513;0.0852642955758021
0.304193418080692;0.323495737028454;0.96202142886347
0.740232815715424;0.783735705201758;0.0227837189771774
0.513942150655855;0.80612148516586;0.71486722716893
0.985348668544552;0.858287273610159;0.149684269132544
0.0551605321433668;0.123955557548021;0.576177555338256
0.570848100517606;0.464031251115086;0.813159028027785
0.507202977565218;0.751853696023501;0.435223580970397
0.451206161802483;0.332158491631892;0.089883891864304
0.341710392167909;0.0892788127649236;0.932903746482511
0.299666012760624;0.70647335734933;0.626777770318775
0.696279107768283;0.0561914528175567;0.981855795911744
0.301260723750138;0.968635565588939;0.0467270010129383
0.774156576928284;0.0130256543564095;0.914139896842961
0.431650114336994;0.401104755449016;0.676863672841194
0.274549110251343;0.824791779675282;0.217521412703467
0.587416026018811;0.375733851120802;0.577621144424073
0.287319909129375;0.462656296473928;0.563207979883393
0.885906166117697;0.723257100800031;0.864108240862577
0.982659554134028;0.00329842076158235;0.603579710247082
0.0377611553549828;0.966330580302255;0.00227624784974358
0.599601355243871;0.291625646111572;0.867221673044662
0.452531187874619;0.72819029505379;0.34555727116647
0.366759386530017;0.674713042305507;0.0441689842779487
0.944294405740435;0.0171749629769347;0.960562056920612
0.127382251589744;0.765742423076666;0.383458119648359
0.576112406943802;0.475360369308593;0.490758985348411
0.306534318198087;0.690910012992877;0.290385135213802
0.484267038187592;0.459267412514858;0.505161037023961
0.439785965209587;0.534973380231444;0.429195953012166
0.980734786984504;0.0395171414893646;0.856369218290799
0.186307297663217;0.74320656083105;0.356904711065509
0.284819460289507;0.771028863304488;0.410897638210169
0.460935947537329;0.644660602228406;0.081463285460019
0.556432145440751;0.355788487668075;0.954211779309354
0.41416955864108;0.348241490322347;0.447349784494239
0.694176901144308;0.674660266170454;0.700872289532873
0.501852481566064;0.0786349685345856;0.711786357350023
0.488522780463212;0.527675120765994;0.367065790624995
0.8279519910137;0.5610604649214;0.0434439116198517
0.451833609700982;0.181980004469926;0.993002574956285
0.240731329620886;0.454913125377355;0.203815586631116
0.0890573031944978;0.983550544846232;0.313017993016548
0.631002702907474;0.155646603394381;0.771600781745034
0.427646097108745;0.5770759170387;0.427000620392863
0.632239974800486;0.553480830446713;0.312794598566199
0.214242791716241;0.647960457044589;0.517748634148673
0.348958436223336;0.742603597723132;0.169741349879395
0.962232694733094;0.00501672545180288;0.982855330259202
0.300324688201402;0.628845115700229;0.442316195071238
0.280351338460873;0.771499259978764;0.205573282546711
0.431825397202049;0.566886789375995;0.336302899464966
0.220316557462794;0.981531120947747;0.0041825825317921
0.999616996024012;0.00146635528096649;0.820010422417241
0.0729308678438543;0.93025323543321;0.281161098366747
0.463847932572336;0.499214574697855;0.564900630658118
0.530225515119274;0.461552650356818;0.758556188587403
0.808649659937641;0.0892214751696032;0.958751268576425
0.800917730253847;0.166607209614282;0.794701531861906
0.341357081362241;0.854250340459132;0.986470088479129
0.999786474787689;0.00650256735866097;0.0271575250395042
0.0476339035641026;0.979123653761573;0.477006613047011
0.715444931164499;0.111484784434899;0.765494288522477
0.676867549258899;0.460969740198133;0.0240371125009568
0.131135182967466;0.835215058124482;0.936555133295581
0.531237538824401;0.38384589940827;0.665466063383455
0.463494598360879;0.692232084673591;0.38993768650605
0.445595611175649;0.549183294367343;0.382164534214706
0.501821553073127;0.403643594323202;0.749181003210137
0.660888477395147;0.309125880561194;0.253105842551327
0.907284655469991;0.0280796361325734;0.447969916910129
0.0626724418192014;0.979242716805306;0.0504242926783866
0.559824920745523;0.536609379923782;0.891261771204731
0.61302233086685;0.326205974997703;0.575736832831945
0.755761055660437;0.142191047726913;0.0254739716665712
0.12097151740515;0.882552756281356;0.65063001457085
0.557544393962229;0.421433040131354;0.411952933802522
0.766183182685168;0.174971263410672;0.775676278566246
0.440849396757654;0.529551660164822;0.794440047344787
0.201296535876395;0.898716790352505;0.0156575280596006
0.590358587448486;0.748343676459541;0.910118892729574
0.497104674826651;0.112715305877292;0.341449062924149
0.982891409970772;0.0722170523653999;0.165150677191987
0.0496322551772479;0.956667322780551;0.263631031338712
0.856014789603702;0.159459178907308;0.495333181869738
0.119840552807328;0.887276380062294;0.425161096535444
0.538596764104084;0.457973706831526;0.886759388805549
0.524429667456832;0.411634059065515;0.968926552948019
0.570978204658086;0.329730997665212;0.669021155762728
0.343742231059718;0.729156395195208;0.266406647317592
0.924107416587487;0.0554816029167946;0.815118505430585
0.112392633875936;0.900013337256245;0.170428632315411
0.447710962296282;0.548654446041272;0.257170461231481
0.589243812750082;0.328819517038571;0.972413545000894
0.826325511224913;0.192822664891602;0.225059369338772
0.13431401348361;0.914946534012616;0.161031723933886
0.532155652530959;0.376719236133686;0.834685377177706
0.497440577011125;0.459001597160715;0.536503840970323
0.619917147231942;0.38121859440102;0.493298995618003
0.506364729483316;0.488861600909404;0.185122058086088
0.991613762140736;0.00670970692063472;0.983368879306688
0.0447441574578711;0.97212084130943;0.135597403461927
0.662380156197847;0.297952663691795;0.651229225868169
0.447378751609004;0.5839305425547;0.128996151936048
0.317601430740301;0.797075080050003;0.44629633628134
0.947835380654552;0.428979077459861;0.999829306807529
0.118974381091326;0.283540358787033;0.109609256831009
0.544965872817276;0.254447624001313;0.693808543367273
0.530981882414238;0.904804221525612;0.45859564710607
0.568418530526285;0.0748072362214578;0.3322102149501
0.373166604448765;0.635593082161663;0.675314581739933
0.876789576215751;0.26035991746642;0.0440452964460124
0.247012500110927;0.800259137485178;0.367560842207881
0.346829229047759;0.491207771555772;0.925060229794931
0.874254226903449;0.0565140639035127;0.488681721668046
0.995113108112464;0.26523992638945;0.00351876651585458
0.0430739669058949;0.968630523985145;0.929621629901566
0.417662847102026;0.806090624557801;0.379398683282529
0.597043124917169;0.279121894051459;0.740052873277981
0.363497368860501;0.807826104084951;0.171324253251089
0.893418301043556;0.0157266290896845;0.430399251060393
0.11781585872936;0.925893811535214;0.61038555597635
0.953596999845475;0.980232611045908;0.999747423258153
0.473391164127323;0.0102014885015631;0.0632562458705518
0.164232557053611;0.663113922760268;0.526696710273645
0.353676284650155;0.58685258560975;0.549753986148782
0.611359860474561;0.368806393185457;0.572751633110676
0.269105605329484;0.807098899287029;0.389336653691011
0.78639832224065;0.198176853592659;0.257144622749133
0.176625738274175;0.735201219704837;0.733189175504729
0.360706599572479;0.638672917377092;0.090835483855711
0.566065424732451;0.552134714991032;0.688949086545022
0.91832601041126;0.143267676265314;0.21112336746837
0.25326407860795;0.396895827270842;0.976825001418875
0.167867938795158;0.92876905466569;0.103643655850335
0.732528933113598;0.450659901922656;0.335358052480527
0.376637815893729;0.402592496280383;0.926233054618782
0.401333969679824;0.378626746544442;0.41818434417014
0.563814111421997;0.477414600667604;0.36719829433003
0.770613493352094;0.841260800974233;0.870710260147439
0.1799839681443;0.4473857530737;0.101434699969152
0.513827805501778;0.737984828080277;0.587156521464895
0.476927582021845;0.0712171187815833;0.719217735799721
0.516785104282658;0.226094326368017;0.694237390313796
0.241512204795387;0.923365232864306;0.0487473103007028
0.601608373582035;0.139999650120556;0.927838019896901
0.498161493410335;0.505765232721941;0.53438964515825
0.808617713578516;0.404049720682039;0.694513253681435
0.266850381762056;0.356855533132154;0.238851010171294
0.245325535144418;0.834293037895494;0.131741717706489
0.968719040007367;0.0104822036427772;0.941169621660123
0.577575530529271;0.294828612762223;0.874228377914894
0.2382546683896;0.692047879352296;0.498206605160551
0.0694881096853197;0.969885451365697;0.0421256942564897
0.899494073710715;0.0766156674474186;0.832403049957329
0.289596508097757;0.777868064435579;0.451613062567825
0.519933946691377;0.299397550832035;0.723100935780665
0.776116577437808;0.340625394104869;0.154642908385761
0.566378110046857;0.460400261127901;0.188317765191181
0.0222792384878738;0.989648012011255;0.0649305516325478
0.694910723478926;0.180748205666349;0.934903935352678
0.519944948269806;0.416209410299964;0.680450093407967
0.858691750009731;0.131999727557209;0.745274216166535
0.0815557015410771;0.977222808289644;0.0425547823663097
0.834208757479142;0.102793549538043;0.813876023815299
0.246008052057264;0.689654884368471;0.45837179698799
0.86018868195421;0.164821560940099;0.750795529114798
0.057906326439659;0.952491615370391;0.0122433007624367
0.896448037582943;0.0711803528376082;0.946400775731134
0.884403049238352;0.381681556553839;0.101879896905777
