730;6
0.00751558;0.006236;0.0856118;-0.179731;0.00898273;-0.0664432
0.00748471;0.00591625;0.0837497;-0.17733;0.00758706;-0.064152
0.00745586;0.00559677;0.081889;-0.174936;0.00618903;-0.061872
0.00742415;0.00527557;0.0800248;-0.172536;0.00478229;-0.0595949
0.00739382;0.00495498;0.078163;-0.170133;0.00338224;-0.0573214
0.00736289;0.00463631;0.0762964;-0.167738;0.00198341;-0.0550209
0.00733316;0.00431488;0.0744354;-0.165338;0.000587958;-0.0527494
0.00730237;0.00399554;0.0725758;-0.162945;-0.000818804;-0.0504563
0.00727353;0.00367654;0.0707104;-0.160544;-0.00221071;-0.0481773
0.0072421;0.00335493;0.0688511;-0.158148;-0.00361811;-0.0458966
0.00721303;0.00303478;0.0669894;-0.155752;-0.00502167;-0.0436228
0.00718235;0.00271543;0.0651239;-0.153356;-0.00642316;-0.0413377
0.00715174;0.00239573;0.063262;-0.150961;-0.00781376;-0.0390554
0.00712084;0.00207481;0.0613999;-0.148561;-0.00920188;-0.0367774
0.00709081;0.00175493;0.0595426;-0.146171;-0.0106048;-0.0345229
0.00706076;0.00143405;0.0576873;-0.143775;-0.0119959;-0.0322481
0.00703114;0.0011142;0.0558285;-0.141387;-0.0133946;-0.0299841
0.00699976;0.00079553;0.0539751;-0.139001;-0.0147777;-0.0277219
0.00697145;0.000475715;0.0521251;-0.136612;-0.0161557;-0.0254584
0.00694136;0.000154124;0.0502717;-0.134226;-0.0175402;-0.0232033
0.00690998;-0.000165341;0.0484237;-0.131849;-0.0189231;-0.0209603
0.00688053;-0.000484328;0.0465744;-0.129477;-0.0202949;-0.0187268
0.00685227;-0.000802153;0.0447367;-0.127103;-0.0216588;-0.0165013
0.00682189;-0.00112701;0.0428961;-0.124739;-0.0230174;-0.0142908
0.00679293;-0.00144305;0.0410671;-0.122372;-0.0243841;-0.0120927
0.00676221;-0.0017646;0.0392367;-0.120025;-0.0257419;-0.00989803
0.0067332;-0.00208378;0.0374113;-0.117671;-0.0270813;-0.00771045
0.00670451;-0.00240561;0.0355949;-0.115331;-0.0284223;-0.00553415
0.00667603;-0.00272309;0.0337836;-0.112999;-0.0297572;-0.00337766
0.00664574;-0.00304247;0.0319722;-0.110673;-0.0310815;-0.00123616
0.00661773;-0.00336289;0.0301814;-0.108363;-0.0323862;0.00085349
0.00658954;-0.00368093;0.0283892;-0.106059;-0.0336879;0.00297506
0.00656195;-0.00400203;0.026605;-0.103764;-0.034986;0.00504492
0.00653373;-0.00431983;0.0248381;-0.101477;-0.0362613;0.00709554
0.00650661;-0.00463546;0.0230743;-0.0992162;-0.0375317;0.00912751
0.00647951;-0.00495594;0.0213218;-0.0969498;-0.0387892;0.0111352
0.0064534;-0.00527482;0.01958;-0.0947149;-0.0400274;0.0131059
0.00642682;-0.00559112;0.0178523;-0.0924877;-0.0412588;0.0150641
0.00640032;-0.00591008;0.0161321;-0.0902833;-0.0424604;0.0169715
0.00637459;-0.00622874;0.0144299;-0.0880934;-0.0436714;0.0188761
0.00634972;-0.00654382;0.0127363;-0.0859165;-0.0448501;0.020741
0.00632485;-0.00686012;0.0110622;-0.0837656;-0.046004;0.0225511
0.0063014;-0.00717864;0.00940268;-0.0816323;-0.0471509;0.0243373
0.00627669;-0.00749548;0.00776204;-0.0795204;-0.04828;0.0260878
0.00625334;-0.00781135;0.00613436;-0.0774334;-0.0493788;0.02778
0.00623141;-0.00812514;0.00452588;-0.0753662;-0.050466;0.0294425
0.00620965;-0.00843989;0.0029329;-0.073324;-0.0515329;0.0310765
0.00619019;-0.00875389;0.00136395;-0.0713134;-0.0525694;0.0326664
0.00616899;-0.00906806;-0.000192415;-0.0693166;-0.0535879;0.0341894
0.00614928;-0.00938105;-0.00172734;-0.0673552;-0.0546006;0.0356961
0.00612979;-0.00969589;-0.00324198;-0.0654127;-0.0555704;0.0371254
0.00611193;-0.0100052;-0.00473012;-0.0635051;-0.0565224;0.0385265
0.00609468;-0.0103153;-0.00620046;-0.0616214;-0.0574472;0.0398852
0.00607644;-0.0106286;-0.00765326;-0.0597713;-0.0583554;0.0411886
0.00606146;-0.0109364;-0.00908641;-0.0579477;-0.0592353;0.0424351
0.00604682;-0.0112444;-0.0104899;-0.0561525;-0.0600912;0.0436224
0.0060322;-0.0115532;-0.0118708;-0.0543862;-0.0609199;0.044788
0.00601796;-0.0118605;-0.0132394;-0.0526494;-0.0617253;0.0458833
0.00600604;-0.0121702;-0.0145776;-0.0509484;-0.0625028;0.0469383
0.00599369;-0.0124741;-0.0158895;-0.0492723;-0.0632586;0.0479259
0.00598273;-0.0127777;-0.0171867;-0.0476269;-0.0639856;0.048865
0.00597227;-0.013082;-0.018454;-0.0460188;-0.0646896;0.049754
0.00596284;-0.0133902;-0.0197028;-0.0444412;-0.0653656;0.0506003
0.0059554;-0.0136871;-0.0209242;-0.0428936;-0.066017;0.0513863
0.00594739;-0.0139903;-0.0221223;-0.0413814;-0.0666316;0.0521184
0.00594037;-0.0142916;-0.0232996;-0.0398892;-0.0672352;0.0528057
0.00593443;-0.0145924;-0.024453;-0.0384408;-0.0678059;0.0534447
0.00593025;-0.0148908;-0.0255808;-0.037013;-0.0683499;0.0540089
0.00592584;-0.0151899;-0.0266835;-0.0356279;-0.0688814;0.0545408
0.00592309;-0.0154842;-0.0277683;-0.0342693;-0.0693688;0.0550165
0.00592097;-0.0157816;-0.0288261;-0.0329389;-0.0698314;0.055422
0.00591964;-0.0160766;-0.0298618;-0.0316399;-0.0702742;0.0558125
0.00591982;-0.0163709;-0.030872;-0.0303745;-0.0706878;0.0561118
0.00592019;-0.0166629;-0.0318627;-0.0291389;-0.0710812;0.0563843
0.00592211;-0.0169559;-0.0328236;-0.0279355;-0.0714371;0.0566089
0.00592329;-0.0172466;-0.0337677;-0.0267613;-0.0717839;0.0567798
0.00592776;-0.0175357;-0.034683;-0.0256181;-0.0720956;0.0569034
0.00593272;-0.017825;-0.0355838;-0.0245033;-0.0723788;0.0569881
0.00593664;-0.0181117;-0.0364589;-0.0234182;-0.0726489;0.0569983
0.00594219;-0.018397;-0.0373077;-0.0223686;-0.0728921;0.0569748
0.00594877;-0.0186827;-0.0381402;-0.0213403;-0.0730921;0.0569009
0.00595767;-0.0189671;-0.0389415;-0.0203421;-0.0732922;0.0567885
0.00596627;-0.0192484;-0.0397291;-0.0193709;-0.0734595;0.0566135
0.00597479;-0.0195304;-0.0404934;-0.0184379;-0.0735904;0.056411
0.0059868;-0.0198113;-0.0412388;-0.0175258;-0.0737256;0.0561667
0.00599781;-0.0200913;-0.0419536;-0.0166446;-0.0738063;0.0558628
0.00601046;-0.0203704;-0.0426589;-0.015786;-0.0738691;0.0555169
0.0060232;-0.0206466;-0.0433353;-0.014958;-0.0739284;0.0551406
0.0060366;-0.0209218;-0.0439907;-0.0141507;-0.0739551;0.0547144
0.00605234;-0.0211984;-0.0446278;-0.0133765;-0.0739515;0.0542534
0.00606719;-0.0214715;-0.045248;-0.0126288;-0.0739397;0.0537731
0.0060845;-0.0217449;-0.0458453;-0.0119019;-0.0739062;0.0532187
0.00610129;-0.0220144;-0.0464205;-0.0112068;-0.0738354;0.0526189
0.00611935;-0.0222849;-0.0469827;-0.0105294;-0.073753;0.0520062
0.00613944;-0.0225515;-0.0475241;-0.00988099;-0.0736465;0.0513543
0.00615842;-0.0228201;-0.0480421;-0.00925055;-0.0735239;0.0506542
0.00617948;-0.0230914;-0.0485443;-0.00864829;-0.0733682;0.049935
0.00620035;-0.023355;-0.049028;-0.00806557;-0.0732048;0.0492046
0.00622283;-0.0236205;-0.0494983;-0.0075085;-0.0730318;0.0483785
0.00624666;-0.0238816;-0.0499381;-0.00696896;-0.072817;0.0475696
0.00627053;-0.0241431;-0.0503699;-0.00646187;-0.0725984;0.0467089
0.00629486;-0.0244034;-0.0507905;-0.00596269;-0.0723593;0.0458321
0.00632133;-0.024663;-0.0511845;-0.00549341;-0.0720922;0.0449134
0.00634777;-0.0249203;-0.0515672;-0.00503653;-0.071815;0.0439644
0.00637438;-0.0251792;-0.0519341;-0.00460515;-0.0715227;0.0430253
0.0064026;-0.0254349;-0.0522802;-0.00418889;-0.0712047;0.0420144
0.00643086;-0.0256892;-0.0526127;-0.0037972;-0.0708765;0.0410109
0.00646047;-0.0259424;-0.0529321;-0.00342101;-0.07053;0.039953
0.00649042;-0.0261959;-0.0532383;-0.00305844;-0.0701658;0.0388981
0.00652106;-0.0264462;-0.0535234;-0.00271767;-0.0697874;0.0378227
0.0065531;-0.026696;-0.053797;-0.0023969;-0.0694073;0.0367276
0.00658582;-0.0269446;-0.0540523;-0.00208361;-0.0689878;0.0356046
0.00661914;-0.0271916;-0.0542988;-0.00179513;-0.0685592;0.0344357
0.00665213;-0.0274386;-0.0545327;-0.00152203;-0.0681241;0.0332762
0.00668716;-0.0276828;-0.0547509;-0.00126384;-0.0676727;0.0320899
0.0067224;-0.0279264;-0.0549547;-0.00102107;-0.0672026;0.0309008
0.00675885;-0.0281705;-0.0551443;-0.000787994;-0.0667219;0.0296773
0.00679469;-0.0284113;-0.0553233;-0.000573957;-0.0662296;0.0284437
0.00683233;-0.0286503;-0.055494;-0.000371507;-0.0657197;0.027208
0.00687024;-0.0288893;-0.0556474;-0.000185304;-0.0651987;0.0259504
0.0069095;-0.029128;-0.0557876;-1.31291e-05;-0.0646635;0.024686
0.00694925;-0.0293631;-0.0559155;0.000146766;-0.064118;0.0234058
0.0069895;-0.0295996;-0.0560343;0.000300626;-0.0635609;0.0221123
0.00703026;-0.0298346;-0.0561473;0.00043143;-0.0629966;0.020805
0.00707306;-0.0300669;-0.05624;0.000554449;-0.0624061;0.0195108
0.00711365;-0.0303;-0.0563255;0.00066717;-0.0618198;0.018197
0.0071576;-0.0305276;-0.0564022;0.000766463;-0.0612218;0.0168609
0.00720263;-0.0307578;-0.0564628;0.000859621;-0.0605919;0.0155255
0.00724682;-0.0309849;-0.0565187;0.000936373;-0.0599783;0.014195
0.00729225;-0.0312123;-0.0565652;0.0010053;-0.0593426;0.01284
0.00733684;-0.031439;-0.0566003;0.00106592;-0.0587007;0.0114907
0.00738365;-0.0316631;-0.0566232;0.00110802;-0.058049;0.010138
0.00743052;-0.031885;-0.056637;0.0011511;-0.0573829;0.00877623
0.00747906;-0.032106;-0.0566429;0.00117802;-0.0567122;0.00743967
0.00752769;-0.0323274;-0.0566422;0.00119457;-0.0560303;0.00607022
0.00757636;-0.032546;-0.0566275;0.00120925;-0.0553379;0.00471666
0.00762713;-0.0327634;-0.0566109;0.00121761;-0.0546485;0.00335129
0.00767765;-0.0329808;-0.0565784;0.00120733;-0.0539304;0.00197925
0.00772761;-0.0331936;-0.056539;0.00119664;-0.0532322;0.000632031
0.00778048;-0.0334107;-0.0564915;0.00116953;-0.0525075;-0.000728076
0.00783404;-0.0336192;-0.05644;0.00114287;-0.051789;-0.00208603
0.00788679;-0.0338333;-0.0563763;0.00110352;-0.0510407;-0.00342318
0.00794123;-0.0340426;-0.0563131;0.00106154;-0.0502976;-0.0047688
0.00799567;-0.0342532;-0.0562338;0.00101188;-0.0495658;-0.0061169
0.00805067;-0.0344592;-0.0561546;0.000961895;-0.0488041;-0.00747486
0.00810738;-0.0346659;-0.0560658;0.00089991;-0.0480426;-0.00879861
0.00816279;-0.0348713;-0.0559652;0.000828282;-0.0472814;-0.0101246
0.00821999;-0.0350768;-0.055864;0.000754048;-0.046511;-0.0114393
0.0082781;-0.0352746;-0.0557545;0.0006749;-0.0457346;-0.0127439
0.00833635;-0.0354781;-0.0556337;0.000594163;-0.044946;-0.0140597
0.00839528;-0.0356805;-0.0555143;0.000502589;-0.0441622;-0.0153638
0.00845508;-0.0358757;-0.0553869;0.000407477;-0.0433705;-0.0166407
0.00851667;-0.0360718;-0.055256;0.000309608;-0.0425718;-0.017931
0.00857767;-0.0362679;-0.0551095;0.000205907;-0.0417758;-0.0191915
0.00863895;-0.036462;-0.0549673;0.000102541;-0.040976;-0.0204502
0.00870135;-0.0366553;-0.0548172;-1.50696e-05;-0.0401671;-0.0216871
0.00876455;-0.036845;-0.0546588;-0.00012866;-0.0393571;-0.0229215
0.00882835;-0.0370375;-0.0544971;-0.000245502;-0.038537;-0.0241442
0.00889262;-0.037224;-0.054334;-0.000373524;-0.0377145;-0.0253711
0.0089572;-0.0374106;-0.0541606;-0.000492002;-0.0368948;-0.0265599
0.00902281;-0.0375972;-0.0539819;-0.000625653;-0.036066;-0.0277601
0.00908929;-0.0377814;-0.0538054;-0.000755093;-0.0352459;-0.0289274
0.00915591;-0.0379657;-0.053622;-0.000890619;-0.0344189;-0.0300718
0.00922433;-0.0381462;-0.0534364;-0.0010262;-0.033586;-0.0312158
0.00929128;-0.0383264;-0.0532416;-0.00117273;-0.0327465;-0.0323439
0.00935992;-0.0385044;-0.0530492;-0.00131141;-0.0319189;-0.0334622
0.00942849;-0.0386826;-0.0528469;-0.00145345;-0.0310737;-0.0345652
0.00949902;-0.0388555;-0.0526442;-0.00160456;-0.0302447;-0.0356336
0.00956869;-0.0390341;-0.0524345;-0.00175127;-0.0293943;-0.0366969
0.00963967;-0.0392054;-0.0522269;-0.00190003;-0.0285574;-0.0377486
0.00971065;-0.0393781;-0.0520119;-0.0020553;-0.027714;-0.0387647
0.00978311;-0.0395448;-0.0517968;-0.00220425;-0.0268783;-0.0397932
0.00985539;-0.0397156;-0.0515763;-0.00235686;-0.0260312;-0.0407713
0.00992919;-0.0398812;-0.0513542;-0.00251503;-0.0251776;-0.0417514
0.0100041;-0.0400451;-0.0511282;-0.00267292;-0.0243404;-0.0426956
0.010078;-0.0402122;-0.0509041;-0.00283143;-0.0235029;-0.0436248
0.0101519;-0.0403749;-0.0506685;-0.00299077;-0.0226546;-0.0445439
0.0102275;-0.0405348;-0.0504382;-0.00314544;-0.0218068;-0.0454568
0.0103052;-0.0406941;-0.0502013;-0.00330918;-0.0209602;-0.0463412
0.0103808;-0.0408522;-0.0499638;-0.00346939;-0.0201144;-0.0471998
0.0104579;-0.0410085;-0.0497219;-0.00363211;-0.0192751;-0.0480233
0.0105357;-0.0411625;-0.0494798;-0.00378672;-0.0184332;-0.0488429
0.0106136;-0.0413183;-0.0492309;-0.00395827;-0.0175828;-0.0496359
0.010694;-0.0414693;-0.0489858;-0.00411769;-0.0167403;-0.0504106
0.0107726;-0.0416193;-0.0487352;-0.00427947;-0.0159175;-0.0511604
0.010852;-0.0417694;-0.0484876;-0.00444612;-0.0150652;-0.0518951
0.0109317;-0.0419156;-0.0482312;-0.00461486;-0.0142346;-0.0525931
0.0110134;-0.0420598;-0.0479786;-0.00477016;-0.0133904;-0.0532846
0.0110945;-0.0422041;-0.0477256;-0.00493092;-0.0125645;-0.0539414
0.011176;-0.0423447;-0.0474642;-0.00509589;-0.0117352;-0.0545818
0.0112585;-0.0424868;-0.0472023;-0.00525922;-0.0108881;-0.0552121
0.0113413;-0.0426272;-0.0469451;-0.0054256;-0.0100641;-0.0558032
0.011425;-0.0427655;-0.0466856;-0.00558503;-0.0092377;-0.0563656
0.0115079;-0.0428987;-0.0464167;-0.00575421;-0.00841047;-0.0569301
0.0115932;-0.0430346;-0.0461519;-0.00591087;-0.00759077;-0.0574457
0.0116775;-0.0431658;-0.0458902;-0.00607237;-0.00677219;-0.0579299
0.0117626;-0.0432974;-0.0456177;-0.00623479;-0.005954;-0.0584244
0.0118493;-0.0434271;-0.0453493;-0.00639907;-0.00514181;-0.0588871
0.0119357;-0.0435551;-0.0450822;-0.00655715;-0.00432275;-0.0593032
0.0120224;-0.0436808;-0.0448127;-0.00671468;-0.00351984;-0.0597133
0.0121085;-0.0438056;-0.0445384;-0.00687521;-0.00270844;-0.0600853
0.0121963;-0.0439286;-0.0442703;-0.00704232;-0.00190757;-0.0604542
0.0122848;-0.0440526;-0.0439941;-0.00719534;-0.00109333;-0.060806
0.0123736;-0.0441694;-0.0437166;-0.00735644;-0.000309241;-0.0610904
0.0124633;-0.0442885;-0.043445;-0.00751484;0.000488714;-0.0613756
0.0125521;-0.0444059;-0.0431705;-0.00767061;0.00127919;-0.0616412
0.0126417;-0.0445191;-0.042898;-0.00782457;0.00206728;-0.0618807
0.0127319;-0.0446325;-0.0426194;-0.00797959;0.00284328;-0.0621074
0.0128226;-0.0447438;-0.0423373;-0.00813582;0.00363393;-0.0622919
0.0129147;-0.0448528;-0.0420592;-0.00829021;0.00440167;-0.062451
0.0130065;-0.0449636;-0.0417801;-0.00844492;0.0051837;-0.0626089
0.0130971;-0.0450717;-0.0415057;-0.00859305;0.00594918;-0.0627282
0.0131894;-0.0451729;-0.0412223;-0.00875162;0.00671344;-0.0628245
0.0132827;-0.0452755;-0.0409397;-0.0089026;0.00746996;-0.0628881
0.0133755;-0.0453772;-0.0406613;-0.00904402;0.00822908;-0.0629524
0.0134681;-0.0454797;-0.0403773;-0.00919253;0.00897861;-0.0629498
0.0135623;-0.0455769;-0.0400971;-0.00933096;0.00972788;-0.0629573
0.0136562;-0.0456745;-0.0398128;-0.00948667;0.0104709;-0.0629243
0.0137516;-0.0457689;-0.0395284;-0.00962648;0.0112072;-0.0628993
0.0138458;-0.045862;-0.039247;-0.00976704;0.011939;-0.0628234
0.0139417;-0.0459522;-0.0389638;-0.00991546;0.0126755;-0.0627224
0.0140366;-0.0460424;-0.0386766;-0.0100567;0.0133901;-0.0626103
0.014133;-0.0461304;-0.0383981;-0.0101933;0.0141104;-0.0624811
0.0142295;-0.046218;-0.0381133;-0.0103337;0.0148221;-0.0623271
0.0143252;-0.0463017;-0.0378243;-0.0104717;0.0155269;-0.0621423
0.0144228;-0.046387;-0.0375424;-0.0106046;0.0162389;-0.061928
0.0145196;-0.0464676;-0.0372513;-0.0107422;0.0169372;-0.0617315
0.0146172;-0.0465488;-0.0369696;-0.0108721;0.0176276;-0.0614736
0.0147159;-0.0466263;-0.0366801;-0.0110034;0.0183136;-0.0611991
0.0148144;-0.0467053;-0.0363982;-0.0111328;0.0189959;-0.060912
0.0149115;-0.0467792;-0.0361142;-0.0112611;0.0196786;-0.06061
0.0150109;-0.0468513;-0.0358219;-0.0113885;0.0203466;-0.0602749
0.0151098;-0.0469261;-0.035536;-0.0115119;0.0210088;-0.0599009
0.0152088;-0.0469978;-0.0352506;-0.0116339;0.0216705;-0.059536
0.0153091;-0.0470657;-0.0349642;-0.0117606;0.0223278;-0.0591416
0.0154085;-0.0471324;-0.0346722;-0.0118782;0.0229781;-0.0587286
0.0155089;-0.0471949;-0.0343859;-0.0119969;0.0236148;-0.0582948
0.0156087;-0.0472603;-0.0340954;-0.0121106;0.0242571;-0.0578302
0.0157095;-0.0473237;-0.0338066;-0.012235;0.0248842;-0.0573574
0.0158095;-0.0473822;-0.0335238;-0.0123453;0.0255066;-0.056874
0.0159106;-0.0474427;-0.0332302;-0.0124538;0.0261242;-0.0563699
0.0160128;-0.047497;-0.032941;-0.0125636;0.0267365;-0.0558218
0.0161135;-0.0475547;-0.0326548;-0.0126764;0.027342;-0.0552851
0.0162146;-0.0476099;-0.0323655;-0.01278;0.0279336;-0.0546952
0.0163169;-0.0476599;-0.032075;-0.0128857;0.0285309;-0.0541284
0.0164185;-0.047714;-0.0317843;-0.0129896;0.0291122;-0.0535268
0.0165205;-0.0477637;-0.0314953;-0.0130945;0.0296908;-0.0529033
0.0166236;-0.0478111;-0.031205;-0.0131852;0.030268;-0.0522694
0.0167256;-0.0478576;-0.0309114;-0.0132846;0.0308321;-0.0515998
0.0168279;-0.0478993;-0.0306256;-0.0133836;0.0313918;-0.0509188
0.0169311;-0.047946;-0.0303281;-0.0134774;0.0319498;-0.05024
0.0170331;-0.0479861;-0.030042;-0.0135642;0.0324772;-0.0495282
0.0171373;-0.0480239;-0.0297488;-0.0136491;0.0330256;-0.0488235
0.0172394;-0.048063;-0.0294558;-0.0137355;0.0335504;-0.0480627
0.0173433;-0.0480985;-0.0291669;-0.013825;0.0340801;-0.047324
0.0174473;-0.0481356;-0.0288741;-0.0139075;0.0345928;-0.046546
0.0175506;-0.0481687;-0.0285837;-0.0139839;0.0351034;-0.0457854
0.0176552;-0.0482007;-0.0282881;-0.0140618;0.0356017;-0.0449757
0.017758;-0.0482338;-0.0279981;-0.0141387;0.0360951;-0.0441594
0.0178635;-0.0482643;-0.0277052;-0.0142178;0.0365952;-0.0433442
0.0179666;-0.0482924;-0.0274108;-0.0142843;0.0370746;-0.0425198
0.0180703;-0.0483181;-0.0271204;-0.0143573;0.0375444;-0.0416434
0.0181747;-0.0483424;-0.026825;-0.0144163;0.0380159;-0.0407914
0.018279;-0.0483651;-0.0265289;-0.0144872;0.0384781;-0.039913
0.0183844;-0.0483853;-0.0262375;-0.0145452;0.0389289;-0.0390306
0.0184885;-0.0484068;-0.0259402;-0.0146093;0.0393618;-0.0381265
0.0185923;-0.0484259;-0.0256447;-0.0146712;0.039794;-0.0372084
0.0186966;-0.0484414;-0.0253503;-0.0147261;0.0402244;-0.036296
0.0188016;-0.048459;-0.0250579;-0.0147779;0.0406424;-0.0353384
0.0189059;-0.0484719;-0.024756;-0.0148292;0.0410647;-0.0343975
0.0190104;-0.0484843;-0.0244626;-0.0148781;0.0414676;-0.0334411
0.0191155;-0.0484964;-0.0241691;-0.0149242;0.0418581;-0.0324774
0.01922;-0.0485076;-0.0238711;-0.0149689;0.0422465;-0.0314846
0.0193239;-0.0485172;-0.023572;-0.0150115;0.0426309;-0.0305005
0.0194299;-0.0485216;-0.0232751;-0.0150541;0.0430004;-0.029509
0.0195342;-0.0485309;-0.0229754;-0.015086;0.0433724;-0.0285108
0.0196383;-0.0485326;-0.0226773;-0.015114;0.043726;-0.0274865
0.0197429;-0.0485342;-0.0223721;-0.0151505;0.044066;-0.0264711
0.0198486;-0.0485381;-0.0220759;-0.01518;0.044413;-0.0254531
0.0199528;-0.0485375;-0.0217788;-0.0152051;0.0447378;-0.024405
0.0200574;-0.0485371;-0.0214807;-0.0152329;0.0450641;-0.0233498
0.0201623;-0.0485335;-0.0211719;-0.0152542;0.0453853;-0.0223035
0.0202664;-0.0485306;-0.020879;-0.0152744;0.0456921;-0.0212628
0.0203707;-0.0485245;-0.0205698;-0.0152849;0.0459952;-0.02019
0.0204756;-0.0485178;-0.0202724;-0.0153092;0.0462724;-0.0191259
0.02058;-0.0485096;-0.0199618;-0.0153108;0.0465576;-0.0180558
0.0206835;-0.0485012;-0.0196646;-0.0153302;0.0468299;-0.0169693
0.0207879;-0.0484895;-0.0193592;-0.0153295;0.0470963;-0.0158943
0.0208914;-0.0484773;-0.0190478;-0.0153331;0.0473574;-0.014779
0.0209945;-0.0484648;-0.0187408;-0.0153353;0.0476084;-0.0136908
0.0211;-0.0484498;-0.0184372;-0.0153405;0.0478428;-0.0125796
0.0212034;-0.0484327;-0.018129;-0.0153299;0.048071;-0.0114947
0.0213063;-0.0484171;-0.0178214;-0.0153261;0.048298;-0.0103898
0.0214104;-0.0483973;-0.0175092;-0.0153206;0.0485128;-0.00929043
0.0215149;-0.0483778;-0.0171992;-0.0153034;0.0487218;-0.00815191
0.0216179;-0.0483586;-0.0168917;-0.0152907;0.0489133;-0.00705054
0.0217195;-0.0483351;-0.0165783;-0.0152766;0.049099;-0.00594313
0.0218241;-0.0483119;-0.0162674;-0.0152544;0.0492725;-0.00482466
0.0219267;-0.0482895;-0.0159555;-0.0152313;0.0494559;-0.00370103
0.0220293;-0.0482597;-0.0156373;-0.0152084;0.049609;-0.00258808
0.0221318;-0.0482342;-0.0153208;-0.0151817;0.049762;-0.00147311
0.0222349;-0.0482083;-0.0150072;-0.0151564;0.04991;-0.000369963
0.0223372;-0.0481746;-0.0146944;-0.0151192;0.0500409;0.000770398
0.0224395;-0.0481452;-0.0143765;-0.0150848;0.0501809;0.00188004
0.0225416;-0.0481142;-0.0140617;-0.0150473;0.0503003;0.002994
0.0226438;-0.0480802;-0.0137378;-0.0150092;0.0504075;0.00413598
0.0227446;-0.0480439;-0.0134224;-0.0149618;0.0505074;0.00522728
0.0228455;-0.0480136;-0.0130968;-0.0149183;0.0506109;0.00634265
0.0229481;-0.0479719;-0.0127759;-0.0148666;0.0506812;0.00745361
0.0230496;-0.0479365;-0.0124538;-0.0148234;0.0507591;0.00855648
0.0231502;-0.0478991;-0.0121306;-0.0147612;0.0508359;0.00967073
0.0232499;-0.0478585;-0.0118103;-0.0147124;0.0508862;0.0107739
0.023351;-0.047819;-0.011481;-0.0146466;0.0509332;0.0118646
0.0234507;-0.0477759;-0.0111529;-0.0145868;0.0509705;0.0129716
0.0235517;-0.0477322;-0.010827;-0.0145262;0.0510112;0.0140482
0.023651;-0.0476896;-0.0104955;-0.014458;0.0510268;0.0151395
0.0237518;-0.0476432;-0.0101665;-0.0143863;0.0510478;0.0162115
0.0238506;-0.0475974;-0.00983551;-0.0143196;0.0510557;0.0172934
0.0239503;-0.0475509;-0.0095025;-0.0142445;0.0510523;0.0183678
0.0240489;-0.0475001;-0.00917148;-0.0141654;0.0510379;0.019433
0.0241472;-0.0474536;-0.00883658;-0.0140875;0.0510145;0.020489
0.0242469;-0.0474013;-0.00850367;-0.0140044;0.0509905;0.0215317
0.0243452;-0.0473506;-0.00816507;-0.0139231;0.0509405;0.0225973
0.0244434;-0.0472971;-0.0078244;-0.0138322;0.050902;0.023643
0.0245414;-0.0472452;-0.00749213;-0.0137397;0.0508458;0.0246451
0.0246392;-0.0471907;-0.00714826;-0.0136483;0.050785;0.0256594
0.0247362;-0.0471361;-0.00680956;-0.013557;0.0507158;0.0266754
0.0248335;-0.0470789;-0.00646573;-0.0134551;0.0506308;0.0276786
0.0249311;-0.0470215;-0.00612157;-0.0133536;0.0505369;0.0286843
0.0250273;-0.0469642;-0.00577879;-0.0132538;0.0504449;0.0296774
0.0251227;-0.0469061;-0.00543056;-0.0131482;0.0503317;0.0306439
0.0252198;-0.0468477;-0.00508743;-0.0130353;0.0502159;0.0316448
0.0253154;-0.0467867;-0.00474089;-0.0129286;0.0500969;0.0325789
0.0254111;-0.0467243;-0.00438451;-0.0128147;0.0499663;0.0335247
0.0255067;-0.0466652;-0.0040389;-0.0126941;0.0498217;0.0344666
0.0256015;-0.0465986;-0.0036849;-0.0125756;0.0496782;0.0353979
0.0256968;-0.0465366;-0.00333699;-0.0124565;0.0495065;0.0363216
0.0257909;-0.0464722;-0.00297892;-0.0123339;0.0493544;0.0372267
0.0258855;-0.0464042;-0.00262676;-0.0122038;0.0491737;0.0381111
0.0259806;-0.0463389;-0.00226867;-0.012072;0.0489904;0.038987
0.0260741;-0.0462719;-0.00191123;-0.0119408;0.0487987;0.0398721
0.0261676;-0.0462048;-0.00154911;-0.0118038;0.0485985;0.0407196
0.0262609;-0.0461349;-0.00119216;-0.0116668;0.0483927;0.0415539
0.0263531;-0.0460646;-0.000829354;-0.0115269;0.048177;0.0424152
0.0264458;-0.045996;-0.000467505;-0.0113855;0.0479468;0.0432301
0.0265385;-0.0459246;-9.67028e-05;-0.0112393;0.0477181;0.0440297
0.0266308;-0.045853;0.000263182;-0.0110904;0.0474733;0.0448271
0.0267229;-0.0457789;0.000630866;-0.0109342;0.0472164;0.0455882
0.0268138;-0.0457083;0.00099855;-0.010782;0.0469738;0.0463582
0.0269052;-0.0456338;0.00137002;-0.0106261;0.0466955;0.0471071
0.0269955;-0.0455588;0.00173716;-0.0104655;0.0464182;0.0478446
0.0270874;-0.0454831;0.00211361;-0.0103025;0.0461393;0.0485639
0.0271777;-0.045406;0.00248505;-0.0101355;0.0458432;0.0492739
0.0272676;-0.0453293;0.00285675;-0.00997116;0.0455371;0.0499474
0.0273578;-0.0452529;0.00323456;-0.00980448;0.0452373;0.0506147
0.0274475;-0.0451761;0.0036093;-0.00962655;0.0449234;0.0512532
0.0275368;-0.0450979;0.00399033;-0.00945025;0.0445936;0.0519234
0.0276261;-0.045018;0.00437005;-0.00926674;0.0442607;0.0525207
0.0277153;-0.0449379;0.00474373;-0.00908467;0.0439187;0.0531337
0.0278048;-0.0448585;0.00513333;-0.00890423;0.0435703;0.0537135
0.0278925;-0.0447755;0.00551508;-0.00872026;0.0432126;0.0542735
0.0279802;-0.0446964;0.00590046;-0.00852744;0.042846;0.0548519
0.0280676;-0.0446134;0.00628577;-0.00833135;0.0424823;0.0553756
0.0281549;-0.0445299;0.00667358;-0.00813618;0.0421019;0.0558761
0.0282424;-0.0444494;0.00706327;-0.00793973;0.041715;0.0563584
0.0283287;-0.0443641;0.00745085;-0.00773534;0.0413098;0.0568467
0.0284154;-0.0442784;0.00784123;-0.00753306;0.0409083;0.0572872
0.0285019;-0.0441973;0.00823671;-0.00732518;0.0404938;0.0577575
0.0285888;-0.0441105;0.00862713;-0.00711301;0.0400734;0.058155
0.028674;-0.0440245;0.00902111;-0.00690164;0.0396467;0.05856
0.0287607;-0.0439366;0.00941654;-0.00668407;0.0392151;0.0589308
0.0288449;-0.0438505;0.00981408;-0.00646125;0.0387608;0.0592906
0.0289301;-0.0437626;0.0102152;-0.00624239;0.0383164;0.0596066
0.029014;-0.0436765;0.0106172;-0.00601605;0.0378567;0.0599391
0.0290986;-0.0435872;0.0110143;-0.00579352;0.0373971;0.0602354
0.0291843;-0.0435007;0.0114162;-0.00555563;0.0369149;0.0605043
0.029268;-0.0434115;0.0118247;-0.00532418;0.0364296;0.0607519
0.0293523;-0.0433199;0.0122287;-0.00508559;0.0359437;0.0609778
0.0294351;-0.0432333;0.0126287;-0.00485271;0.0354491;0.0611886
0.0295193;-0.0431417;0.0130437;-0.00461266;0.0349429;0.0613759
0.029602;-0.043053;0.0134491;-0.00436098;0.0344276;0.0615447
0.0296856;-0.0429606;0.0138576;-0.00411502;0.0339148;0.0616651
0.0297676;-0.0428697;0.0142685;-0.00386548;0.0333978;0.0617902
0.0298507;-0.0427788;0.0146772;-0.0036115;0.0328542;0.0619032
0.0299333;-0.0426862;0.0150972;-0.00334761;0.0323132;0.0619963
0.0300142;-0.0425946;0.0155065;-0.00309734;0.0317731;0.0620146
0.0300958;-0.0425006;0.0159203;-0.00283196;0.0312178;0.0620699
0.0301794;-0.0424063;0.0163354;-0.00256836;0.0306553;0.0620748
0.0302594;-0.0423117;0.0167585;-0.00229807;0.0300943;0.0620611
0.0303405;-0.0422178;0.0171697;-0.00203087;0.0295141;0.0620267
0.0304214;-0.0421235;0.0175874;-0.0017606;0.0289266;0.0619674
0.0305043;-0.0420291;0.0180058;-0.0014792;0.0283475;0.0619049
0.0305842;-0.041932;0.018427;-0.00120974;0.0277577;0.0617936
0.0306655;-0.0418359;0.0188435;-0.000928872;0.027157;0.0616648
0.0307457;-0.0417371;0.0192657;-0.000641504;0.0265524;0.0615265
0.0308257;-0.0416432;0.0196856;-0.000361196;0.0259416;0.0613475
0.030906;-0.0415463;0.0201032;-7.06977e-05;0.0253276;0.0611766
0.0309855;-0.0414446;0.020526;0.000217358;0.0246951;0.0609433
0.0310669;-0.0413466;0.0209489;0.000512257;0.0240663;0.0607352
0.0311468;-0.0412484;0.0213754;0.00080572;0.0234397;0.060465
0.0312245;-0.0411505;0.0217915;0.00110674;0.0227903;0.060198
0.0313038;-0.0410495;0.0222158;0.00140227;0.0221494;0.0599093
0.0313845;-0.0409476;0.0226371;0.001701;0.0215138;0.0595759
0.0314649;-0.0408456;0.0230645;0.00200168;0.0208542;0.0592568
0.0315431;-0.0407444;0.0234854;0.00230728;0.0201916;0.058891
0.0316225;-0.0406411;0.0239076;0.00261348;0.0195259;0.0585096
0.0317011;-0.0405372;0.0243289;0.00292918;0.0188657;0.0581114
0.0317815;-0.0404345;0.0247504;0.00322788;0.0181956;0.0576948
0.0318589;-0.0403306;0.0251724;0.00354536;0.0175118;0.05722
0.031938;-0.0402238;0.0255957;0.00385508;0.016835;0.0567769
0.0320172;-0.0401199;0.0260132;0.00417374;0.0161457;0.056296
0.0320953;-0.040014;0.0264304;0.00448967;0.0154612;0.0558037
0.0321746;-0.039905;0.0268526;0.00480491;0.0147798;0.0552942
0.0322526;-0.0397958;0.0272694;0.00512319;0.0140852;0.05475
0.0323317;-0.0396883;0.0276906;0.00544458;0.0133915;0.0541964
0.0324113;-0.0395785;0.0281062;0.00576582;0.012687;0.0536154
0.0324898;-0.0394652;0.0285163;0.00609304;0.0119773;0.053056
0.0325675;-0.0393571;0.0289346;0.00641231;0.0112688;0.0524345
0.0326469;-0.0392436;0.0293482;0.0067347;0.0105732;0.0518136
0.032726;-0.0391296;0.0297572;0.00706209;0.00986194;0.0511597
0.0328054;-0.0390159;0.0301649;0.00739228;0.00914929;0.0505054
0.0328839;-0.0389012;0.0305746;0.00771354;0.00843042;0.0498144
0.0329621;-0.0387847;0.0309832;0.00803864;0.00770877;0.0491121
0.0330417;-0.0386657;0.0313949;0.00837367;0.00699401;0.0484108
0.0331203;-0.0385494;0.0317973;0.00869858;0.0062738;0.0477018
0.0331997;-0.0384309;0.0321946;0.00902547;0.00555;0.0469457
0.033279;-0.038308;0.0325916;0.00936149;0.00483339;0.0461899
0.0333595;-0.0381876;0.0329929;0.00968385;0.00411162;0.045408
0.0334379;-0.0380664;0.0333914;0.0100167;0.00338135;0.0446149
0.0335175;-0.0379432;0.033782;0.0103426;0.00266473;0.0438274
0.0335974;-0.0378161;0.0341727;0.0106747;0.00194119;0.0430231
0.0336767;-0.0376934;0.0345608;0.0110043;0.00121725;0.0422028
0.0337568;-0.0375656;0.0349474;0.0113339;0.0004897;0.0413607
0.0338365;-0.0374334;0.0353303;0.0116631;-0.000235958;0.0405017
0.0339164;-0.0373044;0.035713;0.0119887;-0.000960162;0.0396511
0.0339991;-0.0371746;0.0360913;0.0123178;-0.00168019;0.0387752
0.034078;-0.0370398;0.0364621;0.0126436;-0.00240084;0.0379016
0.034159;-0.0369054;0.0368336;0.0129728;-0.00311733;0.0370151
0.0342407;-0.0367719;0.0372013;0.0132945;-0.00383607;0.0360882
0.0343217;-0.0366338;0.0375665;0.0136175;-0.00454718;0.0351954
0.0344037;-0.0364947;0.037926;0.0139389;-0.00526458;0.0342486
0.0344857;-0.0363567;0.0382878;0.0142638;-0.00596669;0.0333226
0.0345676;-0.0362144;0.038639;0.0145835;-0.00667726;0.0323792
0.0346502;-0.0360715;0.0389893;0.0149039;-0.00738506;0.031422
0.0347332;-0.0359257;0.0393313;0.0152248;-0.00809282;0.0304932
0.034815;-0.035778;0.0396754;0.0155361;-0.0087902;0.0295148
0.0348982;-0.0356315;0.0400116;0.0158555;-0.00949169;0.0285435
0.0349808;-0.035481;0.0403449;0.0161616;-0.0101912;0.0275751
0.0350654;-0.0353279;0.0406757;0.0164788;-0.0108678;0.0265923
0.0351488;-0.0351747;0.0410035;0.0167783;-0.0115652;0.0256013
0.0352336;-0.0350214;0.0413192;0.0170879;-0.0122479;0.0246121
0.0353179;-0.0348633;0.0416363;0.0173919;-0.012912;0.0236166
0.035404;-0.0347035;0.0419376;0.017696;-0.0136024;0.0226281
0.0354892;-0.034542;0.0422488;0.0179958;-0.0142589;0.0216166
0.0355754;-0.0343758;0.0425479;0.0182913;-0.014922;0.0206266
0.0356612;-0.0342151;0.0428434;0.0185797;-0.0155841;0.0196139
0.0357474;-0.0340468;0.0431342;0.0188736;-0.0162362;0.0185994
0.0358353;-0.0338782;0.0434084;0.0191638;-0.0168835;0.0176053
0.0359215;-0.0337056;0.0436883;0.0194502;-0.0175172;0.0165862
0.0360107;-0.0335322;0.0439608;0.0197312;-0.0181563;0.0155954
0.0360976;-0.0333572;0.0442266;0.0200088;-0.01878;0.0145802
0.036187;-0.0331786;0.0444855;0.0202789;-0.019397;0.0135725
0.0362772;-0.0329947;0.0447395;0.0205518;-0.0200146;0.0125727
0.0363661;-0.0328154;0.0449808;0.0208166;-0.0206257;0.0115654
0.0364571;-0.0326302;0.0452216;0.0210812;-0.0212184;0.0105661
0.0365483;-0.0324397;0.0454556;0.0213456;-0.0218079;0.00957283
0.0366389;-0.0322502;0.0456853;0.0216034;-0.02239;0.0085792
0.0367313;-0.032058;0.0459019;0.0218499;-0.022969;0.00760381
0.0368232;-0.0318626;0.0461172;0.0221018;-0.0235281;0.00661901
0.0369168;-0.0316654;0.0463248;0.0223443;-0.0240832;0.00563878
0.0370095;-0.0314623;0.0465219;0.0225802;-0.0246481;0.00466664
0.0371037;-0.0312598;0.0467148;0.0228167;-0.025178;0.00367153
0.0371972;-0.0310541;0.0468988;0.0230477;-0.0257013;0.00272971
0.0372939;-0.0308463;0.047076;0.023267;-0.0262213;0.00178361
0.0373894;-0.0306339;0.0472425;0.0234935;-0.0267435;0.000834594
0.037486;-0.03042;0.0474089;0.0237094;-0.0272491;-0.000100627
0.0375821;-0.0302074;0.0475635;0.023917;-0.0277356;-0.00103077
0.0376787;-0.0299884;0.0477114;0.0241281;-0.0282122;-0.00194175
0.0377783;-0.0297637;0.0478455;0.0243309;-0.0286912;-0.00285797
0.0378762;-0.0295402;0.0479788;0.0245214;-0.0291525;-0.00376578
0.0379772;-0.0293121;0.0481013;0.0247123;-0.0295998;-0.00465472
0.0380768;-0.0290817;0.0482191;0.0249013;-0.0300394;-0.00553552
0.0381768;-0.0288497;0.0483264;0.0250822;-0.0304797;-0.00641244
0.0382774;-0.0286129;0.0484233;0.025253;-0.0308961;-0.00727452
0.0383795;-0.0283756;0.0485206;0.0254308;-0.0313136;-0.00812154
0.0384813;-0.028134;0.0486031;0.02559;-0.0317118;-0.00896952
0.0385857;-0.0278877;0.0486798;0.0257498;-0.0320973;-0.00979281
0.0386891;-0.027643;0.0487505;0.0259038;-0.0324707;-0.0106122
0.0387942;-0.0273913;0.0488038;0.0260493;-0.0328489;-0.0114221
0.0388994;-0.0271372;0.0488585;0.026196;-0.0331965;-0.0122214
0.0390041;-0.0268835;0.0489022;0.0263314;-0.0335384;-0.013007
0.0391107;-0.0266242;0.0489302;0.0264675;-0.0338763;-0.013766
0.0392169;-0.026361;0.0489629;0.0265879;-0.0341938;-0.0145292
0.0393244;-0.0260988;0.048976;0.0267125;-0.0345099;-0.015291
0.0394326;-0.0258299;0.0489902;0.0268234;-0.0348181;-0.0160268
0.0395424;-0.0255587;0.0489898;0.0269296;-0.0350969;-0.0167476
0.0396513;-0.0252876;0.0489819;0.027039;-0.0353834;-0.0174451
0.0397628;-0.0250116;0.0489695;0.0271366;-0.0356449;-0.0181479
0.0398733;-0.0247314;0.0489434;0.0272347;-0.0359031;-0.0188384
0.0399858;-0.0244489;0.0489092;0.0273151;-0.0361496;-0.0194854
0.0400976;-0.0241647;0.048873;0.0273969;-0.0363651;-0.0201771
0.0402105;-0.0238755;0.0488251;0.0274691;-0.0365954;-0.0207981
0.0403243;-0.0235863;0.0487648;0.0275401;-0.0368087;-0.021417
0.0404378;-0.0232945;0.0487045;0.0276037;-0.0369979;-0.0220315
0.0405529;-0.0229941;0.0486263;0.0276596;-0.0371837;-0.0226299
0.0406688;-0.0226978;0.0485462;0.0277106;-0.0373485;-0.0232135
0.0407856;-0.0223954;0.048457;0.027763;-0.0375309;-0.0237644
0.0409018;-0.0220917;0.0483578;0.0277996;-0.0376805;-0.0243476
0.0410195;-0.0217819;0.0482534;0.0278375;-0.0378234;-0.0248677
0.041139;-0.0214694;0.0481413;0.0278694;-0.0379455;-0.025398
0.0412576;-0.0211583;0.0480159;0.0278823;-0.0380626;-0.0259199
0.0413777;-0.0208413;0.0478854;0.0279053;-0.0381662;-0.0264088
0.0414977;-0.0205227;0.0477483;0.027922;-0.0382677;-0.0268951
0.0416183;-0.0202032;0.0475956;0.0279293;-0.0383631;-0.0273607
0.0417409;-0.0198792;0.0474432;0.0279305;-0.0384272;-0.0278235
0.0418627;-0.0195524;0.0472818;0.0279292;-0.0384983;-0.0282703
0.0419854;-0.0192214;0.0471116;0.0279092;-0.0385469;-0.0286789
0.0421087;-0.0188921;0.046932;0.0278981;-0.0385905;-0.0290973
0.0422321;-0.0185564;0.046745;0.0278721;-0.0386157;-0.0294938
0.042357;-0.0182179;0.0465509;0.0278464;-0.038636;-0.0298617
0.0424847;-0.0178779;0.0463515;0.0278162;-0.0386492;-0.0302393
0.0426107;-0.0175344;0.0461405;0.027777;-0.0386486;-0.03059
0.0427369;-0.0171883;0.0459227;0.0277381;-0.0386358;-0.0309013
0.0428641;-0.0168418;0.0457007;0.0276873;-0.0386151;-0.0312185
0.0429913;-0.0164908;0.0454626;0.0276296;-0.0385772;-0.0315391
0.0431211;-0.0161362;0.0452278;0.0275728;-0.0385382;-0.0318417
0.0432489;-0.0157846;0.0449819;0.0275127;-0.0384826;-0.0321401
0.0433789;-0.015425;0.0447237;0.0274417;-0.0384235;-0.0324038
0.0435103;-0.015069;0.0444615;0.0273664;-0.0383402;-0.0326465
0.0436406;-0.0147035;0.0441973;0.0272852;-0.0382678;-0.0328848
0.0437725;-0.0143423;0.0439248;0.0272005;-0.0381844;-0.0331077
0.0439037;-0.0139734;0.0436386;0.0271141;-0.0380715;-0.0333127
0.044037;-0.0136028;0.0433525;0.0270175;-0.0379735;-0.0335008
0.0441693;-0.0132317;0.0430534;0.0269155;-0.037849;-0.0336989
0.0443045;-0.0128583;0.0427541;0.0268167;-0.0377267;-0.0338434
0.044438;-0.0124822;0.0424398;0.0267003;-0.0375844;-0.0340049
0.0445744;-0.0121032;0.0421245;0.026589;-0.0374377;-0.0341492
0.0447093;-0.0117249;0.0417989;0.0264705;-0.0372831;-0.0342816
0.0448447;-0.0113396;0.041473;0.0263456;-0.0371259;-0.0343853
0.0449811;-0.0109557;0.041139;0.0262177;-0.0369538;-0.0345078
0.0451186;-0.0105694;0.0407993;0.026082;-0.0367702;-0.0345842
0.0452563;-0.0101817;0.0404459;0.0259475;-0.0365822;-0.0346754
0.0453941;-0.00979191;0.0400969;0.0258077;-0.0363743;-0.0347313
0.0455341;-0.0093958;0.0397349;0.0256612;-0.0361791;-0.0347896
0.0456714;-0.00900233;0.0393709;0.0255066;-0.03597;-0.0348204
0.0458123;-0.008607;0.0389964;0.0253539;-0.0357533;-0.0348505
0.0459529;-0.00820997;0.0386196;0.025195;-0.0355189;-0.0348889
0.0460926;-0.00780802;0.0382388;0.0250344;-0.0352982;-0.0348726
0.0462337;-0.00740859;0.0378534;0.0248739;-0.0350475;-0.0348947
0.0463745;-0.00700452;0.0374579;0.0246955;-0.0348001;-0.034888
0.046519;-0.00659885;0.0370592;0.0245254;-0.0345522;-0.0348447
0.0466607;-0.00619195;0.0366555;0.0243559;-0.034284;-0.034816
0.0468028;-0.00578479;0.036248;0.0241707;-0.0340321;-0.034759
0.0469455;-0.00537603;0.0358314;0.0239837;-0.0337471;-0.0346964
0.0470896;-0.00496415;0.0354141;0.023795;-0.0334732;-0.0346334
0.0472335;-0.00455163;0.0349903;0.0236082;-0.033182;-0.0345638
0.0473779;-0.0041386;0.034565;0.0234162;-0.0329005;-0.0344515
0.0475235;-0.00372105;0.0341298;0.023218;-0.0326018;-0.034384
0.047668;-0.00330603;0.0336952;0.0230133;-0.0323096;-0.0342715
0.0478144;-0.0028889;0.0332595;0.0228074;-0.0320024;-0.0341587
0.0479608;-0.00246621;0.0328103;0.0226029;-0.0316887;-0.0340325
0.0481073;-0.00204368;0.0323601;0.0223911;-0.0313765;-0.0339063
0.0482532;-0.00162467;0.0319133;0.0221783;-0.0310571;-0.0337706
0.0484004;-0.00120234;0.0314554;0.0219636;-0.030734;-0.0336161
0.0485478;-0.000773785;0.0309936;0.0217436;-0.0304062;-0.0334605
0.0486958;-0.000352087;0.0305263;0.0215219;-0.0300843;-0.0333196
0.0488434;7.49947e-05;0.0300651;0.0212984;-0.0297447;-0.0331394
0.0489925;0.000503191;0.0295888;0.0210714;-0.0293937;-0.0329473
0.0491412;0.000930575;0.0291135;0.0208428;-0.0290687;-0.0327624
0.0492899;0.00136019;0.02864;0.0206149;-0.0287102;-0.0325854
0.0494395;0.00179086;0.0281532;0.0203773;-0.0283676;-0.032401
0.0495895;0.00222346;0.0276675;0.0201426;-0.0280047;-0.0321724
0.0497395;0.00265529;0.0271843;0.0199036;-0.0276611;-0.0319611
0.0498889;0.00308704;0.0266914;0.0196686;-0.0272964;-0.0317495
0.0500406;0.00352137;0.0261932;0.0194197;-0.0269346;-0.0315416
0.0501902;0.00395779;0.025702;0.0191798;-0.0265714;-0.0312748
0.0503406;0.00439142;0.0252058;0.0189285;-0.0262004;-0.0310645
0.0504912;0.00482751;0.024703;0.0186806;-0.0258377;-0.0308139
0.0506444;0.00526667;0.0241953;0.0184382;-0.0254671;-0.0305568
0.0507955;0.00570521;0.0236877;0.0181789;-0.0250933;-0.0302964
0.0509475;0.00614194;0.0231782;0.0179266;-0.0247125;-0.0300509
0.0511013;0.00658479;0.0226684;0.01767;-0.0243394;-0.0297743
0.0512512;0.00702342;0.0221558;0.0174142;-0.0239557;-0.0295157
0.051405;0.00746404;0.0216385;0.0171553;-0.0235675;-0.0292344
0.0515574;0.00790341;0.0211189;0.0168918;-0.0231832;-0.0289767
0.0517106;0.00834769;0.0205973;0.0166327;-0.0227933;-0.0286509
0.0518642;0.00879061;0.0200717;0.0163653;-0.0224127;-0.0283876
0.0520171;0.0092311;0.0195496;0.0161004;-0.0220186;-0.0280968
0.0521709;0.00967497;0.0190227;0.015837;-0.0216366;-0.0278105
0.0523243;0.0101162;0.0184906;0.0155639;-0.0212386;-0.0274692
0.0524792;0.0105645;0.0179616;0.0152969;-0.0208448;-0.0272118
0.0526338;0.0110082;0.0174342;0.0150254;-0.0204491;-0.0268886
0.0527873;0.0114517;0.0168973;0.0147566;-0.0200652;-0.0265725
0.0529416;0.0118987;0.0163619;0.0144809;-0.0196615;-0.0262726
0.0530972;0.012345;0.0158246;0.0142045;-0.0192646;-0.0259393
0.0532514;0.0127878;0.0152852;0.0139282;-0.0188696;-0.0256147
0.0534074;0.0132381;0.0147424;0.0136494;-0.0184636;-0.0252935
0.0535619;0.0136842;0.0142034;0.0133723;-0.0180686;-0.0249661
0.0537168;0.014133;0.0136582;0.0130915;-0.0176727;-0.0246239
0.0538725;0.0145814;0.0131107;0.0128145;-0.0172744;-0.0242878
0.0540279;0.0150287;0.012566;0.0125335;-0.0168742;-0.0239509
0.0541839;0.0154775;0.0120182;0.012255;-0.0164719;-0.0236167
0.0543399;0.015924;0.0114686;0.011969;-0.0160707;-0.0232631
0.0544958;0.0163758;0.0109205;0.0116836;-0.0156761;-0.0229088
0.0546515;0.0168232;0.010367;0.0113998;-0.0152586;-0.0225761
0.0548066;0.0172719;0.00981427;0.0111148;-0.014866;-0.0222086
0.0549646;0.0177256;0.00926293;0.0108311;-0.0144614;-0.0218547
0.0551191;0.018173;0.00870967;0.0105418;-0.0140494;-0.021508
0.0552773;0.0186228;0.00815618;0.0102475;-0.0136443;-0.0211398
0.0554345;0.0190736;0.00759792;0.00996344;-0.013244;-0.0207849
0.0555914;0.0195258;0.00704107;0.00966924;-0.0128333;-0.0204387
0.0557482;0.0199757;0.00648009;0.00938178;-0.0124435;-0.0200324
0.0559048;0.0204257;0.00592347;0.00909825;-0.0120307;-0.0196876
0.0560615;0.0208755;0.00536384;0.00880487;-0.0116379;-0.0193016
0.0562184;0.0213289;0.0048024;0.00851701;-0.0112319;-0.0189234
0.0563778;0.0217796;0.00423903;0.00821938;-0.0108223;-0.0185867
0.0565335;0.0222314;0.00367878;0.00792199;-0.0104255;-0.0182038
0.0566914;0.0226834;0.00311252;0.00763487;-0.0100357;-0.0178074
0.056847;0.0231332;0.00254939;0.00733442;-0.00962504;-0.0174379
0.0570063;0.0235867;0.00198313;0.00704503;-0.00922275;-0.0170537
0.057164;0.0240369;0.00141844;0.00674904;-0.00882512;-0.0166776
0.0573223;0.0244906;0.000852667;0.00645328;-0.00841441;-0.0162943
0.0574795;0.0249409;0.000289414;0.00615671;-0.00802221;-0.0159167
0.0576386;0.025396;-0.000277763;0.00586229;-0.00761243;-0.0155208
0.057795;0.0258453;-0.000842235;0.00555976;-0.00722136;-0.0151404
0.0579539;0.0262963;-0.00141444;0.00526704;-0.00681719;-0.0147591
0.0581121;0.0267477;-0.00198078;0.00497293;-0.00642091;-0.0143659
0.0582695;0.0272045;-0.0025522;0.00467272;-0.00602147;-0.0139766
0.0584274;0.0276552;-0.00311533;0.00436881;-0.00563197;-0.0135744
0.0585867;0.0281055;-0.00369171;0.0040713;-0.00522443;-0.0131992
0.0587447;0.0285587;-0.00426041;0.00377742;-0.00483486;-0.0127935
0.0589037;0.0290141;-0.00483112;0.00347943;-0.00443602;-0.0124108
0.0590612;0.0294649;-0.00540391;0.00318145;-0.00404257;-0.0120121
0.0592186;0.0299187;-0.0059711;0.00288117;-0.00364149;-0.0116207
0.0593784;0.0303705;-0.00654289;0.00257931;-0.00324855;-0.011216
0.0595361;0.0308196;-0.00711388;0.00227903;-0.0028606;-0.0108092
0.0596957;0.0312741;-0.00768456;0.00197513;-0.00245151;-0.0104182
0.0598544;0.031729;-0.00826266;0.00167929;-0.00207246;-0.0100202
0.0600139;0.0321815;-0.00882969;0.00138139;-0.00167495;-0.00960608
0.0601714;0.0326338;-0.00940697;0.001075;-0.00127612;-0.00923545
0.060332;0.0330861;-0.00998507;0.000778879;-0.000894014;-0.008824
0.0604899;0.0335399;-0.0105498;0.000469607;-0.000506831;-0.00841185
0.0606486;0.0339901;-0.0111309;0.000168151;-0.000111279;-0.00801114
0.0608076;0.0344408;-0.0117009;-0.00013151;0.000278738;-0.00760675
0.0609673;0.0348969;-0.0122741;-0.000433952;0.000679972;-0.00719352
0.061126;0.0353498;-0.0128509;-0.000739323;0.00105845;-0.00680844
0.0612848;0.0357994;-0.013424;-0.00103741;0.00145565;-0.00640208
0.0614439;0.0362527;-0.0140023;-0.00134338;0.00184349;-0.00598674
0.0616032;0.0367081;-0.0145788;-0.00164155;0.0022294;-0.00557814
0.0617617;0.0371579;-0.0151491;-0.00194472;0.00262043;-0.00518154
0.0619196;0.0376105;-0.0157279;-0.00224929;0.00299769;-0.00477152
0.0620791;0.0380612;-0.0163031;-0.00255302;0.0033825;-0.00436089
0.0622391;0.038516;-0.0168804;-0.00284946;0.00378108;-0.00395537
0.0623988;0.0389699;-0.0174591;-0.00315799;0.00415679;-0.00355779
0.0625577;0.0394225;-0.0180351;-0.00346184;0.00454453;-0.00313838
0.0627177;0.0398721;-0.0186054;-0.00376691;0.00493683;-0.00272563
0.0628773;0.0403272;-0.0191862;-0.00407229;0.00531597;-0.00230215
0.0630361;0.0407819;-0.0197636;-0.00437653;0.00570153;-0.00189758
0.063196;0.0412343;-0.0203392;-0.00467908;0.00608505;-0.001495
0.0633547;0.0416844;-0.0209193;-0.00498533;0.00646781;-0.00108142
0.0635148;0.0421377;-0.0214957;-0.00528887;0.00685635;-0.000664681
0.0636749;0.0425905;-0.0220752;-0.0055931;0.00723357;-0.000266939
0.0638327;0.0430434;-0.0226559;-0.00589622;0.00761609;0.00015005
0.0639937;0.0434974;-0.0232328;-0.00620365;0.00801413;0.000548583
0.0641525;0.0439508;-0.0238093;-0.00650894;0.00838182;0.000978841
0.0643128;0.0444045;-0.0243864;-0.00681565;0.00876285;0.00140203
0.0644702;0.0448556;-0.0249659;-0.00711652;0.00915087;0.00180135
0.0646308;0.0453066;-0.0255439;-0.00742535;0.00952008;0.00223055
0.0647903;0.0457603;-0.0261211;-0.00773374;0.00991639;0.00264449
0.0649507;0.046214;-0.0267029;-0.00803504;0.0102934;0.00304467
0.0651099;0.0466684;-0.0272837;-0.00834215;0.0106761;0.00346659
0.0652697;0.0471194;-0.027858;-0.00864725;0.0110629;0.00388603
0.0654297;0.0475698;-0.0284432;-0.0089491;0.0114342;0.00429252
0.0655882;0.0480246;-0.0290204;-0.009257;0.0118148;0.00471221
0.0657496;0.0484777;-0.0295978;-0.00956395;0.0121985;0.00510567
0.0659084;0.0489291;-0.0301743;-0.00987161;0.0125781;0.00553359
0.0660679;0.0493828;-0.0307588;-0.0101751;0.0129588;0.00593577
0.0662275;0.0498356;-0.0313338;-0.0104841;0.0133332;0.00637077
0.0663881;0.0502895;-0.0319148;-0.0107884;0.0137151;0.00678514
0.0665474;0.0507425;-0.0324984;-0.011089;0.0140904;0.00721794
0.0667081;0.0511958;-0.0330775;-0.0114021;0.0144698;0.00762945
0.0668689;0.0516469;-0.0336548;-0.0117083;0.0148577;0.0080272
0.067026;0.0521009;-0.0342362;-0.0120088;0.0152335;0.00845636
0.0671871;0.0525543;-0.0348181;-0.0123193;0.0156263;0.00887227
0.0673468;0.0530067;-0.0353958;-0.012624;0.0160021;0.00929181
0.0675067;0.0534615;-0.0359772;-0.0129294;0.0163727;0.00970869
0.0676666;0.0539114;-0.0365595;-0.0132349;0.0167463;0.0101125
0.0678264;0.0543631;-0.0371391;-0.0135448;0.0171282;0.0105647
0.0679865;0.0548164;-0.0377206;-0.0138538;0.0175031;0.0109705
0.0681459;0.0552721;-0.0382988;-0.0141594;0.0178805;0.0113804
0.0683051;0.0557227;-0.038881;-0.0144626;0.0182608;0.0118006
0.0684657;0.0561762;-0.0394609;-0.0147678;0.0186394;0.0122382
0.0686256;0.056629;-0.0400427;-0.0150766;0.0190232;0.0126246
0.0687859;0.0570804;-0.0406191;-0.0153855;0.0193937;0.0130523
0.0689451;0.0575341;-0.0412049;-0.0156934;0.019768;0.0134891
0.0691055;0.0579878;-0.0417826;-0.016001;0.0201561;0.0138842
0.0692649;0.0584404;-0.0423666;-0.0163054;0.0205283;0.014319
0.0694263;0.0588921;-0.0429455;-0.01661;0.0209122;0.0147342
0.0695857;0.0593462;-0.043527;-0.0169162;0.0212775;0.0151594
0.0697453;0.0597995;-0.0441011;-0.0172243;0.0216604;0.0155792
0.0699056;0.0602532;-0.0446868;-0.0175374;0.0220378;0.0159787
0.0700653;0.0607067;-0.0452689;-0.0178423;0.0224154;0.0164058
0.0702258;0.0611561;-0.0458471;-0.0181491;0.0227946;0.0168204
0.0703853;0.061609;-0.0464283;-0.018455;0.0231664;0.0172555
0.0705453;0.0620632;-0.0470138;-0.0187604;0.0235544;0.0176585
0.0707053;0.0625127;-0.0475932;-0.0190674;0.0239271;0.0180899
0.0708652;0.0629679;-0.0481705;-0.0193746;0.0242973;0.0185093
0.0710259;0.0634235;-0.0487541;-0.0196769;0.0246829;0.0189349
0.0711847;0.0638744;-0.0493311;-0.0199849;0.0250622;0.0193368
0.0713441;0.0643291;-0.0499182;-0.0202969;0.025427;0.0197858
0.0715057;0.0647806;-0.0504994;-0.020602;0.0258152;0.020184
0.0716656;0.0652348;-0.051081;-0.0209134;0.0261835;0.0205923
0.0718257;0.0656844;-0.0516613;-0.021215;0.0265602;0.0210311
0.0719838;0.0661404;-0.0522462;-0.0215229;0.0269393;0.021459
0.0721442;0.0665945;-0.0528229;-0.0218335;0.0273083;0.0218716
0.0723051;0.0670464;-0.0534055;-0.0221425;0.0276983;0.0222943
0.072464;0.0674986;-0.0539867;-0.0224499;0.0280705;0.0227151
0.0726251;0.0679531;-0.0545659;-0.0227507;0.0284443;0.0231334
0.0727841;0.0684046;-0.0551466;-0.0230603;0.0288218;0.0235434
0.0729448;0.0688574;-0.0557288;-0.0233687;0.0291966;0.0239832
0.0731053;0.0693104;-0.0563078;-0.0236734;0.0295733;0.0244017
0.073265;0.0697641;-0.0568904;-0.0239796;0.0299534;0.0248152
0.0734252;0.0702184;-0.0574692;-0.0242873;0.0303306;0.0252394
0.073585;0.0706685;-0.0580528;-0.0245995;0.0307153;0.0256715
0.0737451;0.0711205;-0.0586363;-0.024904;0.0310837;0.0260791
0.0739048;0.0715729;-0.0592158;-0.025213;0.0314567;0.0264747
0.0740634;0.0720252;-0.0597949;-0.02552;0.0318289;0.0268923
0.0742249;0.0724806;-0.0603758;-0.0258314;0.0322149;0.0273448
0.0743854;0.072935;-0.060959;-0.0261335;0.0325871;0.0277607
0.0745437;0.0733854;-0.0615435;-0.026434;0.03297;0.0281821
